"";"Champion";"Side";"Role";"Kills";"Deaths";"Assists";"CSAt15Min";"CSAtEnd";"GoldAt15Min";"GoldAtEnd";"Games_played"
"1";"(Intercept)";"(Intercept)";"bottom";-2,21934398840776;1,18226810020698;-1,5689476617716;-12,3881549078271;-22,5406438067998;-514,281600042135;-2364,47779354154;NA
"2";"(Intercept)";"(Intercept)";"jungle";0,863183089192694;-1,0702890710995;-1,32330397993476;-12,4752510982242;-32,186573473027;174,459066029366;-310,18769178854;NA
"3";"(Intercept)";"(Intercept)";"mid";3,22657795973489;-4,53918952581124;1,43555537505887;24,624788812298;58,7593041101439;836,643926870369;2907,47077625178;NA
"4";"(Intercept)";"(Intercept)";"support";-0,137208047412769;0,523904513735087;-1,02996355216442;0,755394391244341;0,411325370679997;-71,8224240220829;-177,390474844975;NA
"5";"(Intercept)";"(Intercept)";"top";0,164501464609153;-0,40768524300849;0,74854782322845;-1,61956423874253;2,90108530232697;-41,7677723646009;83,400295263156;NA
"6";"Aatrox";"Blue";"top";0;0;0;0;0;0;0;94
"7";"Aatrox";"Red";"mid";0;0;0;0;0;0;0;1
"8";"Aatrox";"Red";"top";0;0;0;0;0;0;0;83
"9";"Ahri";"Blue";"mid";0;0;0;0;0;0;0;211
"10";"Ahri";"Red";"mid";3,5085355465847;-4,65817545175779;1,90514807856333;24,1866115450111;59,9409077391617;865,261504153354;3236,2911905699;231
"11";"Akali";"Blue";"mid";1,02503248644973;0,454462063621165;-1,42122724314491;-1,04628495266584;-4,97235665358967;18,6702435473264;242,141538177549;84
"12";"Akali";"Blue";"top";0,975161433622627;0,141801891710267;-1,3182833975953;13,8539560686033;6,09309086071199;452,720898884809;439,540669891334;13
"13";"Akali";"Red";"mid";4,20499348842105;-3,88013503053231;-0,756821503392142;24,0555549737662;54,4043345876432;968,55770920655;3094,84362326494;74
"14";"Akali";"Red";"top";0,624869312526746;0,121459447880836;1,51256511024141;6,69996800322249;24,5775072070825;115,763989789125;1223,30158061264;2
"15";"Akshan";"Red";"mid";5,62639475114835;-3,52114258292545;-2,78871263906508;27,9752488016118;115,668615850929;425,391565168074;7378,21863351659;1
"16";"Alistar";"Blue";"support";0;0;0;0;0;0;0;292
"17";"Alistar";"Red";"support";0;0;0;0;0;0;0;267
"18";"Ambessa";"Blue";"jungle";0;0;0;0;0;0;0;6
"19";"Ambessa";"Blue";"mid";-2,26247691661117;2,39252960699722;-2,88164059903267;-6,9539329991661;-9,65979863241102;-433,836243514443;-984,714118399105;19
"20";"Ambessa";"Blue";"top";0,274833285433927;0,131340838090125;-0,49214185714719;-2,42354212170666;0,942384819646367;-20,8726447201844;227,267688321248;351
"21";"Ambessa";"Red";"jungle";0;0;0;0;0;0;0;4
"22";"Ambessa";"Red";"mid";4,06797870692502;-4,21925557302897;-0,20363992807865;24,7075004456168;67,2944530669037;849,947475780927;3745,37781398976;15
"23";"Ambessa";"Red";"top";0,379106655144392;-0,556775916763996;0,723821914793316;-1,00680707949408;5,48812224840615;7,4507001505643;413,143398966915;315
"24";"Amumu";"Blue";"jungle";-0,740297184131296;1,5604974018622;1,46538074578986;11,9155319169067;5,36879548644977;-127,759097877223;-71,2632629379369;12
"25";"Amumu";"Blue";"support";-0,551643319240145;2,05784856523427;-1,31032241778739;-1,91048276458042;2,54601453664761;40,8241081381346;-419,807877381438;2
"26";"Amumu";"Red";"jungle";-0,260671230246208;0,710136885961497;0,949277127315383;-0,567056128712625;-23,6895404553755;112,578315120939;-381,071060876652;8
"27";"Amumu";"Red";"support";-0,418599003621276;0,607137674551986;-0,23177176174166;2,37907578855751;0,584056205745944;-27,5350713717084;-292,988494510075;5
"28";"Anivia";"Blue";"mid";-0,331345716020256;0,00133243283992979;-1,13729488132748;2,26307349279819;-2,63017328127703;-304,329274821369;813,745884896684;3
"29";"Anivia";"Blue";"top";0,92197754127132;-0,880438099535021;0,624489951642027;4,53938413384431;21,3136539077061;508,0885958941;1678,04698018132;3
"30";"Anivia";"Red";"mid";2,0140340855653;-4,18099096934577;0,949211342078826;26,1668038679068;67,2728523413353;1079,56800664911;3086,3546558785;5
"31";"Anivia";"Red";"top";-0,863540738603136;0,879132596932802;-0,455909452230556;6,30389063914451;8,50292805535046;-100,167253956469;145,725562292051;3
"32";"Annie";"Blue";"mid";-1,71824411313931;1,9498590615345;0,409761059023727;-6,71386533034691;-12,8299820202896;-310,92747588616;-861,28774921817;5
"33";"Annie";"Blue";"support";0,152589096036302;-2,26795633529568;-2,86095321783615;4,09593838035377;10,2779342319093;87,0537231963038;210,245769932944;2
"34";"Annie";"Red";"mid";3,89083294564844;-3,97860434999822;1,88549639989161;25,6598657808453;42,8880847776735;1093,18197567425;2993,77286890044;11
"35";"Annie";"Red";"support";3,78489440306318;-1,05820762884454;1,44055646631406;0,208149871318465;6,59544346568192;256,47168497249;1795,26366198284;1
"36";"Aphelios";"Blue";"bottom";0;0;0;0;0;0;0;12
"37";"Aphelios";"Red";"bottom";0;0;0;0;0;0;0;11
"38";"Ashe";"Blue";"bottom";1,42681849610583;-0,859876100418461;2,34757441513977;12,5624146822632;2,00779687638567;268,328160049156;1045,54698761695;164
"39";"Ashe";"Blue";"support";0,115458409671717;-1,47275572890767;6,32569407632765;-2,3654086221675;8,23805595310246;286,695003996271;2107,12731062276;1
"40";"Ashe";"Red";"bottom";-1,73646982984001;0,770908919347387;0,308218460906521;-3,3386842432003;-27,3452137467377;-382,206190583134;-1757,90293277844;152
"41";"Ashe";"Red";"support";0,641441611423101;1,43330634333544;-2,38558210410869;-7,25466131395317;10,0067094850189;-119,991498373688;714,189445225547;1
"42";"AurelionSol";"Blue";"mid";1,41557290035751;0,0207898518872312;0,675725161146851;-10,700643754563;-2,59686607895348;-434,217967090976;512,723429909516;14
"43";"AurelionSol";"Red";"mid";0,508631920465053;-2,36929897761044;1,72953386934633;2,87428803791964;40,0074665866561;-28,7153090998685;1408,79906156914;8
"44";"Aurora";"Blue";"mid";0,0637578989036904;0,840187301449448;-1,72347058045997;-0,0699624215874827;-3,18897470202347;21,4424206846112;-233,429469845531;171
"45";"Aurora";"Blue";"top";0,592507038584971;-0,738956777810391;0,712230929213111;9,12090046439795;9,11507552733093;253,375765080208;341,84455721225;36
"46";"Aurora";"Red";"mid";3,08913693857054;-3,72508646376096;0,383629798448774;24,9238105080071;53,722951746476;882,48437400634;2718,0954901249;175
"47";"Aurora";"Red";"top";1,30107244846001;-0,0912984033830062;0,00640344494331939;10,7585280609781;3,96380420470716;343,188545005418;16,9444261355384;18
"48";"Azir";"Blue";"mid";-0,800131756895404;0,837240419804012;-1,35961892598795;-0,695573180149995;11,544041450999;-146,754474658145;275,742205561742;268
"49";"Azir";"Blue";"top";4,60934834636131;0,0235808152264694;0,271969933370106;2,83604622945534;66,0673764871849;-328,303650424171;4597,42715450665;1
"50";"Azir";"Red";"mid";2,86645743317615;-3,88541601827043;0,306009743229956;26,6217018789376;71,2798013198645;830,547147925656;3315,99699289204;286
"51";"Bard";"Blue";"support";0,410701192092006;-0,627283212272479;1,62979976268475;-4,24383433483376;0,319564069540059;267,37568417547;432,076284834902;43
"52";"Bard";"Red";"support";0,067990861627237;0,0205703597368702;-1,0017701384282;-2,42409654433165;3,15262086436023;101,218276762197;191,844289111064;41
"53";"Belveth";"Blue";"jungle";0,603807494656156;0,441661610923437;2,40968412043316;18,4626285033341;60,0667535904895;43,6075182067593;1753,02102887775;5
"54";"Belveth";"Red";"jungle";2,04443975119332;-0,799906214173332;-0,344518758771681;14,9428892884645;23,9936391587069;745,409547519361;1800,1495047977;7
"55";"Blitzcrank";"Blue";"support";0,319806670694239;-0,641348298794356;0,972342739066049;-2,93014989506601;-2,56534844151901;58,5416921438866;299,524333052812;28
"56";"Blitzcrank";"Red";"support";0,256541169852376;0,48315785949152;-1,4105395642128;-2,12467319655521;0,264486665553322;-74,8356499005992;146,051485018503;21
"57";"Brand";"Blue";"bottom";7,50210945708509;-1,19516253643665;5,21930943464207;17,5465144180998;22,8939739825951;1197,92779556582;3865,51986611076;1
"58";"Brand";"Blue";"jungle";-0,836240340346745;1,78041922570005;1,69374875670004;13,6417122418672;28,0380063616205;128,903037262447;407,512014431565;14
"59";"Brand";"Red";"bottom";-1,91238504617626;2,527449983558;-2,46012854576038;-19,0708236230891;-59,6411888250736;-911,121991542453;-3469,28468097639;1
"60";"Brand";"Red";"jungle";0,376701100432503;-0,0766878288528684;-1,52167995077254;6,73387234860543;2,69800591538673;365,274228247202;298,70931824444;7
"61";"Braum";"Blue";"support";-0,243546998173386;-0,76148698284111;0,758950333774615;-0,358651329448113;0,435684661725527;94,7649255675723;113,078519935227;202
"62";"Braum";"Red";"support";-0,209051562520282;-0,466650796195133;0,574156080685003;-0,705118559754517;-1,00591034754816;34,0764878808241;99,8882823583981;163
"63";"Caitlyn";"Blue";"bottom";0,52203710443591;-0,788207555166246;0,903600617661503;17,9460291420748;9,43745737270896;481,042352511004;1141,64206375853;49
"64";"Caitlyn";"Blue";"mid";3,54161491083319;2,14935819873107;-7,78714725463355;8,3676188610209;18,655603124513;-48,564426520559;1945,17983539199;1
"65";"Caitlyn";"Red";"bottom";-0,57749624379464;0,340052994124263;-0,911446023157783;2,33263683143637;-7,97153351585018;-64,9416827233103;-837,11493090569;47
"66";"Camille";"Blue";"support";-1,95273705285788;6,66790991930214;-13,4341963602069;3,03833292082024;31,5059288180393;-674,872835974851;-1303,18155629487;1
"67";"Camille";"Blue";"top";0,49866161048138;-0,0153374083161816;-0,592271329852598;-5,74130147830195;4,01882418243057;-80,9035526576798;813,352076854616;78
"68";"Camille";"Red";"support";1,08078888259587;0,724135035134877;1,88787721093558;-5,81702541583123;7,71683077948338;312,885575525127;1416,60587260437;2
"69";"Camille";"Red";"top";1,40957331026484;-1,10841036783067;0,977670517747246;-8,93394102817991;-1,00761002739174;-16,7560189986145;820,053934629382;41
"70";"Cassiopeia";"Blue";"mid";-0,626916908341931;0,546115564467568;-0,268082821849228;-2,50312971859661;8,9353298628277;-121,655851687942;118,796019516917;17
"71";"Cassiopeia";"Blue";"top";0,595602090490994;-1,44097457211957;4,00204223778117;13,2034198758578;7,14237727119019;363,264726435799;319,078699965406;4
"72";"Cassiopeia";"Red";"bottom";-0,122293772743323;2,11571771907794;-1,70625661134866;2,96222999908863;-38,3146199103112;680,943753242194;-1278,07474999004;1
"73";"Cassiopeia";"Red";"mid";3,88088491314419;-4,26260506722234;0,404284451326931;32,4877059760564;69,7181833788779;1048,33388990052;3116,19420526219;9
"74";"Cassiopeia";"Red";"top";0,543507692715846;-0,802776890352868;6,02434227289906;11,1265398933395;22,1986741967914;434,296304936867;1019,90908088365;2
"75";"Chogath";"Blue";"mid";-1,47676660764371;1,92728911188012;-2,40895762886469;-5,5228473895796;-11,878985827921;-230,868088625632;-1150,63591000888;6
"76";"Chogath";"Blue";"support";2,11545840967154;2,52724427109212;-10,6743059236716;84,6345913778255;149,238055953093;807,695003996217;1321,12731062268;1
"77";"Chogath";"Blue";"top";-0,224966136924064;0,148937186332159;0,0714481488200589;-1,07974645766544;-13,0589444255316;-27,2016335176787;-291,267951236747;19
"78";"Chogath";"Red";"mid";4,20637106812694;-3,81072074331029;0,346228837378326;20,8529874501939;43,1628512495553;482,980822568699;2699,91622428331;6
"79";"Chogath";"Red";"top";0,346492201600713;0,271807063149245;0,0482243564817543;-4,50142219140127;-11,89010780867;-141,320682599508;-431,016078428498;26
"80";"Corki";"Blue";"bottom";1,23351324385251;-1,03799458428453;1,3176235516594;11,5205752192779;7,38916139642665;310,741381884712;1075,77909837903;210
"81";"Corki";"Blue";"mid";0,547028107270131;0,79885446817214;-1,87121962042095;4,76439960714978;19,3489744210572;254,2755579637;837,333810365119;119
"82";"Corki";"Blue";"top";-1,67573701436805;1,43679085362367;1,42586211724394;13,8194706689692;9,92019523859129;-178,133599841909;-334,266481176903;1
"83";"Corki";"Red";"bottom";-0,640785585258903;-0,0481325585021843;-0,635919949847659;1,56584046970531;-11,8916732412574;-129,146358198647;-972,866675235326;239
"84";"Corki";"Red";"mid";2,76819287056796;-3,38983132708024;-0,35159187957447;27,9924076733191;78,414907234657;895,079500349816;3436,65061164375;125
"85";"Darius";"Blue";"jungle";2,04581561956991;-0,503584446692828;3,17832352500693;29,1524530067497;61,7639149144541;544,850470257493;2353,10714328861;7
"86";"Darius";"Blue";"top";1,11247987189586;0,306738590274368;-0,994704519441641;7,92772382986812;-2,86927691877848;243,837107982328;349,610382066928;10
"87";"Darius";"Red";"jungle";3,22613904497184;-1,74312978584996;2,09384258382247;25,9280906413642;62,8019073663008;1070,65691901171;3207,54516875228;6
"88";"Darius";"Red";"top";1,34457374837182;-0,681709953328052;0,627996662425902;12,7381625906386;5,77990021204346;826,585308381535;1151,32262057061;7
"89";"Diana";"Blue";"jungle";-1,16930351061502;1,3184542415809;2,98247591634665;18,9502168854442;40,4972726904066;-51,6239379002445;799,294040401749;11
"90";"Diana";"Blue";"top";-1,39065165363904;1,02358081522635;-2,72803006663001;-28,1639537705464;-27,9326235128124;-1157,30365042421;-2046,57284549322;1
"91";"Diana";"Red";"jungle";0,487577548398621;0,923829676286058;-1,19913390439884;-1,03632027307503;-11,7867566158637;276,166809605458;38,9713111895216;5
"92";"Diana";"Red";"mid";3,27661666163618;-2,80498868583868;2,65759867785385;13,8169013097055;36,7905607380165;1358,91523784818;2632,34898932837;1
"93";"Draven";"Blue";"bottom";0,531023325882379;0,159748768054494;-1,47988822646184;6,84771309722109;-4,59639912674416;208,776732675728;859,969815585166;22
"94";"Draven";"Blue";"top";-2,85320410798118;1,25064794326016;-3,83810008157189;2,47508237249878;1,10028200332059;-150,246045755402;-1458,49600210519;2
"95";"Draven";"Red";"bottom";-0,679427590800637;0,0503349495157491;-0,763668545862503;6,7117525092078;-11,869889627264;310,707685021557;123,103164573118;21
"96";"Draven";"Red";"top";1,43123928788615;-1,13199479861742;-2,66454449028287;37,3403588666858;84,0370230040206;2108,39071805356;3494,36550542534;1
"97";"DrMundo";"Blue";"jungle";-1,68685501253694;-0,212240931121253;4,12189386752022;9,9420913755344;36,8100798102347;-181,794422711869;741,420958359294;14
"98";"DrMundo";"Blue";"top";-1,06624757339101;0,0955707949409283;-1,68901602819543;-3,90776944050396;16,5196272777273;-21,0608744731624;134,502479535137;8
"99";"DrMundo";"Red";"jungle";1,40523493457215;-2,49730086943554;1,22457659349834;9,08531027029302;14,4870701410147;585,251475704222;1386,58023964716;8
"100";"DrMundo";"Red";"top";-1,19470785594482;-1,01572421871418;0,704084744049141;-9,79572351985192;1,8897596246105;-339,332128058142;556,165339841194;4
"101";"Ekko";"Blue";"mid";-1,87500624332128;4,18812284928902;-7,50796445551509;-26,0437253548951;-10,5888269264659;-927,087414824501;-909,441470195558;1
"102";"Ekko";"Red";"mid";8,42644620283951;-5,70194910600721;5,07593644907095;20,9292156321479;108,303345561142;1669,88945221223;7172,21298181351;1
"103";"Elise";"Blue";"jungle";1,31413089636124;2,59698967006071;-3,35473978649138;11,466728541048;3,64977561265977;-26,0605069717777;-21,5557754356966;3
"104";"Elise";"Blue";"support";0,922102450476002;0,417887857420321;-1,52947998152124;-1,54724451992579;4,18411809500263;459,294108994601;751,654136827893;36
"105";"Elise";"Red";"support";1,12098682053619;-0,336513381866722;-1,2819499292907;-0,391034303354991;6,15531562270467;353,933933723084;983,504319277163;48
"106";"Ezreal";"Blue";"bottom";1,09705021566442;-1,06655038112902;0,862691050422924;12,3503849069159;3,22602389648801;230,22535328433;1020,40304355147;421
"107";"Ezreal";"Blue";"mid";-1,87500624332106;5,18812284928885;-7,50796445551548;-27,0437253548937;-19,5888269264573;-1448,0874148245;-1794,44147019521;1
"108";"Ezreal";"Red";"bottom";-1,04709762217941;0,0908399006935138;-0,721249261983336;-0,683741399732076;-21,689009511611;-223,411372535824;-1377,86133328582;357
"109";"Ezreal";"Red";"mid";3,17347503824415;-3,55771691984244;0,857440339153453;25,3736262228698;45,5889678270113;908,149200557924;2387,267737369;6
"110";"FiddleSticks";"Blue";"support";0,32617533131358;-0,960270369803978;2,91676825897277;-3,88242605949026;-5,93287265926722;120,332746174766;859,501818350761;6
"111";"FiddleSticks";"Red";"jungle";1,9520454752567;1,43024492030732;-3,69129232253544;-7,03747023547478;-12,2195438548899;503,334051047648;1305,02274443362;1
"112";"FiddleSticks";"Red";"support";-0,491466732300655;-0,914764283689512;1,63689208060787;-3,98530594824688;-3,17900271077259;136,989212165376;191,361491716375;8
"113";"Fiora";"Blue";"mid";3,24697768698741;-0,337042637191301;0,810924484536416;-2,34617748580491;43,0563387860565;-113,370344564134;4094,1254425108;1
"114";"Fiora";"Blue";"top";1,00781192308088;-0,212612378982806;-1,63190297815918;6,85343591955987;17,2171219756378;554,038507826256;1655,64091722036;22
"115";"Fiora";"Red";"top";-0,266089275443885;0,622825424933212;-1,09810329405967;-2,80828171172939;25,199645065789;-371,930817726577;1335,86500623048;9
"116";"Galio";"Blue";"bottom";-0,497890542914873;-1,1951625364367;7,21930943464206;-22,4534855818997;-115,106026017408;-937,072204434189;-1586,4801338893;1
"117";"Galio";"Blue";"mid";-1,60018320858645;1,01804694288573;-0,224268014124005;-10,649540010686;-20,0906882592129;-393,252361702293;-1059,25214273508;80
"118";"Galio";"Blue";"support";1,00376361432317;-0,426139739990192;1,84379493231574;4,19065357140747;7,50829378781028;219,111297067652;750,276206927547;9
"119";"Galio";"Blue";"top";-0,880661024673523;0,765435692614813;1,62522754374363;-2,42567962015299;-14,7833852383428;-153,098812667556;-809,398177690713;51
"120";"Galio";"Red";"mid";2,47355564672246;-3,87623216300255;2,24647985959521;18,2786113264935;40,8156428962034;589,273582306249;2237,59621876279;75
"121";"Galio";"Red";"support";0,432233220787996;0,205993713742786;-1,45891734465618;4,16757881109347;9,36476932231878;86,1501502868712;367,300883388205;7
"122";"Galio";"Red";"top";-0,396530728265074;-0,149943149972501;2,47693779564876;-7,27699941048189;-24,1355066155621;-163,307627046415;-1052,64468562654;31
"123";"Gangplank";"Blue";"top";0,885347291777415;-1,70676922022193;2,49241995891398;9,10949540478525;13,9403990755785;728,650810399641;2108,40711726323;14
"124";"Gangplank";"Red";"top";-0,279726001120249;1,60403747796358;0,543849738669934;-15,5903760179772;5,61083571384871;-235,812710451712;1340,86416585224;9
"125";"Garen";"Blue";"top";-0,116535046130798;0,0960561706774779;-1,50373099289058;-0,878055486511762;17,0733581223192;4,62698061656942;981,751458279711;19
"126";"Garen";"Red";"top";1,05215080836921;-0,860542101910477;0,521301052654875;-5,98808657383194;17,3144637782682;-95,4222580503375;951,304755651534;9
"127";"Gnar";"Blue";"bottom";3,08284471290203;-1,93535249598918;-0,107447076520947;-23,0755944978895;-19,5360682926159;-471,785925979488;302,68062464834;1
"128";"Gnar";"Blue";"top";-0,230609394725126;-0,0634266562367238;-0,0172045982592922;5,18611864001145;12,1030166146184;183,726318004589;617,312584210916;162
"129";"Gnar";"Red";"top";0,488764450241068;-0,97089438938481;1,17440994047224;7,1999064302269;15,8212805409188;373,098627793484;1012,13381408624;115
"130";"Gragas";"Blue";"jungle";0,503096192835568;0,907841294473653;7,35534051812942;16,4293912258157;22,0287494572812;185,195960988604;1910,29424204518;1
"131";"Gragas";"Blue";"mid";0,354832996844265;-1,30205577993799;2,78197971745507;-7,79198579651731;-17,9748568094896;-64,3779097787849;111,119415037163;2
"132";"Gragas";"Blue";"support";0,31306930362415;-1,21017775516795;1,3575626801696;-1,96762355474791;-0,836921856162712;369,062388276206;265,912749139826;3
"133";"Gragas";"Blue";"top";-0,520836763368939;-0,0487291278295055;1,30851288748452;-2,902036196246;-9,54485975070225;-89,0777199214146;-268,377319857631;51
"134";"Gragas";"Red";"mid";2,74497354807101;-3,20892186508626;-3,43413122477004;4,35374976836742;14,2098460045099;-109,338149965419;912,585005710303;2
"135";"Gragas";"Red";"support";-0,192450083359374;-0,792405738567662;0,583541194683996;1,17851387624061;4,78738414724809;285,076506932764;635,307432683226;6
"136";"Gragas";"Red";"top";-0,316349834407103;-0,324122995574042;1,23555776412468;-9,58583687771387;-14,7527813484434;-185,362240364323;-435,806961403993;58
"137";"Graves";"Red";"jungle";4,07688566191588;-0,552791675309438;-2,4540954331848;11,79086707894;1,76660941890589;1121,84110364116;2276,04769214187;2
"138";"Gwen";"Blue";"jungle";-0,632455982645036;1,76441383252467;-1,82805524647308;16,0345595809601;41,8795349456889;-162,566641348144;1011,6431724236;4
"139";"Gwen";"Blue";"top";0,639768134407981;0,210068024444925;-0,147876279879959;5,47421246014973;9,18741120395605;219,882652474253;913,172731026664;82
"140";"Gwen";"Red";"jungle";2,31244263331287;-1,30344313191634;0,451166064462228;10,353334042322;36,9000272708138;456,137215249744;2409,15366541498;16
"141";"Gwen";"Red";"top";0,773849810970126;-0,384104427782002;0,0205177565986126;0,216481990712623;7,96846178951331;82,9285772112368;848,827449769881;148
"142";"Hecarim";"Blue";"jungle";4,11228193679743;-1,39082553568674;5,4506307061908;27,7785251058155;90,4325831425738;874,734172474252;4520,99398998157;3
"143";"Hecarim";"Red";"jungle";0,969284020318338;-3,38343745113957;4,21548965497297;30,0272140093622;45,9954165902953;936,797556295328;1970,14410570128;3
"144";"Hwei";"Blue";"bottom";2,5785584031488;0,769599341290788;0,93302771192381;9,95399537753161;10,6489705655403;389,135241843451;2197,61111830602;1
"145";"Hwei";"Blue";"mid";-0,572806781034652;0,549174166479146;-0,15297730893398;2,09199815039119;-6,44089384193498;-61,2568382119763;-324,779869522646;104
"146";"Hwei";"Blue";"support";-0,837002733672279;2,55841994270522;-6,73760019205014;0,858811716790094;4,35101235559548;1141,97340982906;-267,842533669557;1
"147";"Hwei";"Red";"bottom";-1,88877669536357;3,32401998286054;0,819568776125025;-2,40494807181463;-31,3831979616893;-321,758702910558;-1644,43740825681;2
"148";"Hwei";"Red";"mid";2,79534717223379;-3,99085195988225;1,72206527295269;28,0977504030854;56,1409530338969;920,602920757411;2817,60707464474;74
"149";"Irelia";"Blue";"mid";-0,585945085943275;2,02981510033886;-4,30474412179976;-4,46263574844125;10,1600467900721;-93,2043494364932;-503,888797066096;8
"150";"Irelia";"Blue";"top";1,04110679744696;1,02531520453132;-2,04407573749537;22,6046201542644;39,888690081454;644,451942679223;1968,18213072599;11
"151";"Irelia";"Red";"mid";0,22657795973488;-0,53918952581125;-6,56444462494115;47,6247888122982;97,7593041101444;1274,64392687037;3205,47077625181;1
"152";"Irelia";"Red";"top";-0,0317666791704407;1,10731475351515;-2,93762069585167;14,743111751214;39,1370921956379;521,225117613543;1194,88592606884;4
"153";"Ivern";"Blue";"jungle";-2,14468837793668;-0,663140371929264;6,02461730689484;3,47191525994873;-7,65476163614889;-106,093636683657;-148,960279780131;56
"154";"Ivern";"Red";"jungle";-1,47895663554832;-0,710212863684512;3,05031556038951;-12,3242092382428;-39,353193510712;-56,6172419897261;-453,999083471591;48
"155";"Janna";"Blue";"support";0,274267204455647;-1,96729014251392;6,1361516969886;-3,19705210001661;-1,52837715700851;-42,7147186413796;309,971726235313;6
"156";"Janna";"Red";"support";-0,148172197695906;-0,0239007532241373;-0,804000734193367;2,41091720390965;7,54077725932764;447,745834260231;353,372079919158;7
"157";"JarvanIV";"Blue";"jungle";-1,77853439092021;0,833459372067293;4,97244811984817;12,011786363648;6,34740785982568;-80,2349545808345;-94,7398342372449;40
"158";"JarvanIV";"Red";"jungle";-0,327055875826027;-0,373677846401408;3,2829044019001;-1,98033262770585;-18,9098701899339;66,0655716145624;28,6214045938254;50
"159";"Jax";"Blue";"jungle";0,27866350219526;1,49010578349574;1,30041860790137;1,92187578095405;17,8056843577287;-7,07240955423664;814,806630995157;6
"160";"Jax";"Blue";"top";0,0861616911794283;0,179243890058351;-0,686181803472558;-4,31232121505523;-3,61086694814227;-41,6875021746572;389,813337749168;119
"161";"Jax";"Red";"jungle";0,181111012034398;-2,48682971586548;3,20076344742357;1,03880600640042;7,66315956048309;164,827661667942;839,344822673376;10
"162";"Jax";"Red";"top";0,383589235705803;-0,524401948428297;0,213332212138188;-4,95210389427799;-1,9776660640419;-38,0729527782169;516,248660407868;140
"163";"Jayce";"Blue";"mid";-0,778514710556898;1,01003527135336;-0,837038386480591;1,37374233669832;9,83931713274556;-116,328439420671;128,10452547139;40
"164";"Jayce";"Blue";"top";0,266737823277008;0,275690444391078;-0,413092313511312;8,95992310542841;17,1359377016937;295,158490418171;743,965210162195;180
"165";"Jayce";"Red";"mid";3,68926626643552;-3,80625844849556;1,18859032543267;27,386994705066;62,7532517051011;962,258451876849;3487,58416381486;59
"166";"Jayce";"Red";"top";0,0196936359790397;-0,245486862354426;1,16391873768553;6,46262139296218;20,823941640361;245,837355040977;846,441556697108;270
"167";"Jhin";"Blue";"bottom";1,83056729304418;-1,35824811734644;1,38851643789664;10,4832068360123;2,65744584511031;261,522897131572;1169,04038528472;178
"168";"Jhin";"Red";"bottom";-0,717234531322729;-0,0128944362296296;-0,349638227129547;-1,84164048972729;-24,6466698242067;-281,353804476318;-1343,95792743087;153
"169";"Jinx";"Blue";"bottom";1,35361277813577;-0,700034961665807;1,2643173560413;10,82815011403;14,7314457465641;146,484581862741;1324,7944911411;79
"170";"Jinx";"Red";"bottom";-1,03998271898493;0,35605431117401;-0,530051440124343;-3,27315526818439;-9,3805928698122;-318,414430399513;-1068,53284251959;76
"171";"Kaisa";"Blue";"bottom";2,27849397453068;-1,18203643551269;0,442298143374524;7,94591627174078;6,94905000069339;191,070365896668;1614,13186814792;235
"172";"Kaisa";"Blue";"mid";7,54161491083371;0,149358198730969;-4,78714725463364;27,367618861023;75,6556031245211;1455,43557347957;5199,17983539244;1
"173";"Kaisa";"Blue";"top";3,85519217136988;-0,837801619345909;8,41537091445704;5,08218563170469;60,922856338035;-402,394872594431;4571,041261434;1
"174";"Kaisa";"Red";"bottom";0,351971664314619;-0,164573867441614;-0,540322462769066;-2,38562643811729;-15,6002130659285;-194,314666036969;-505,55213731977;237
"175";"Kalista";"Blue";"bottom";1,87292522669791;-0,826615883819316;0,328569143275049;17,1500377082545;5,99724260927127;470,077304773227;1445,53680513826;101
"176";"Kalista";"Blue";"top";-0,161536492163785;2,96973145638612;-0,0670434580290088;6,85382508710901;0,0777630620394694;333,881676909344;-99,8230115073289;1
"177";"Kalista";"Red";"bottom";-0,29288482785047;0,626559714657532;-1,39202100483509;0,999545876275567;-18,4018339161715;19,045119893398;-891,23711062816;119
"178";"Karma";"Blue";"mid";0,379512676259021;-0,0542088083277538;2,45761998490432;4,62037757963352;-4,01270537482252;-27,4946809923655;362,000918880224;13
"179";"Karma";"Blue";"support";0,376992121831193;-1,28428937773457;1,51874636548557;-1,73392472592826;1,78959922161849;356,032808945549;676,450485228163;58
"180";"Karma";"Blue";"top";-2,09723385664609;1,6946311080454;-3,39536921177685;10,9585841571771;-11,2576530378405;-384,738977666699;-1466,0104056356;5
"181";"Karma";"Red";"mid";3,4040239566689;-4,02999158708218;1,4152276023851;22,5936843191049;33,6375652654655;658,738910779424;2726,99579278341;11
"182";"Karma";"Red";"support";-0,317888427295928;-0,130646521716699;0,651268731834775;-0,616006262702311;2,61458809405098;115,971277740972;211,531548846523;41
"183";"Karma";"Red";"top";-3,5069113265608;0,921846114024238;3,72378523365628;-0,936660022329243;-50,741131866627;-183,951250201348;-2458,24959539314;3
"184";"Karthus";"Blue";"jungle";-0,934272115934529;-0,471217120352647;4,01718907214349;32,8081759308205;78,8762741193951;583,243435551753;1700,23925015938;8
"185";"Karthus";"Red";"jungle";0,691109092874498;-0,301380216499227;3,83197651077673;11,7955457193539;33,4183851321047;502,11146600176;1542,96505225401;8
"186";"Kassadin";"Blue";"mid";-0,962467460771818;0,944104635155483;-3,28031139411677;-10,1672748031162;2,94894601713849;-766,786507264503;-25,9330867841216;5
"187";"Katarina";"Blue";"mid";0,124993756678375;6,18812284928917;-3,50796445551516;-35,0437253548966;-95,5888269264685;-403,087414824588;-3911,44147019577;1
"188";"Katarina";"Red";"mid";1,36740123242564;-2,46530161632137;-3,28676755693836;21,582176746094;84,9981538188287;417,977209052105;3021,68134104325;1
"189";"Kayle";"Blue";"mid";-2,71804241314996;0,881014074053111;-1,53040729649537;-2,43817726728516;-5,81839637097735;-993,382422716943;-1391,17958568164;1
"190";"Kayle";"Blue";"top";1,07218067537106;-0,573938764016467;5,32029534031611;-3,458490873289;-0,413784840995674;434,975836411551;1871,72167732205;2
"191";"Kayle";"Red";"mid";NA;NA;NA;NA;NA;NA;NA;1
"192";"Kayn";"Blue";"jungle";-1,26869095360191;2,87709261488851;-3,09666887688317;12,5761216354491;9,64876601993547;209,263174214685;-198,157184190833;3
"193";"Kayn";"Blue";"top";-1,54237690536652;-0,047014084596291;-0,510197963984226;-26,9673803021171;-36,4189781284234;-1034,61682725523;-1540,65323967097;2
"194";"Kayn";"Red";"jungle";4,64383343425152;-2,16165216353531;1,6552635202407;-3,62976190742864;-0,355111407830737;294,228428552008;1925,89553824027;2
"195";"Kennen";"Blue";"top";0,972150562339282;-0,384192135128641;-0,437183733918971;15,6364896884875;17,8930358817394;419,126594362978;823,62886330315;14
"196";"Kennen";"Red";"support";0,641441611423123;7,43330634333548;-16,3855821041085;-6,25466131395322;-6,99329051498056;129,008501626306;-1689,81055477441;1
"197";"Kennen";"Red";"top";0,280583872279386;0,0568297468999506;2,17166563348448;9,13120997843381;2,17508789512152;344,594189358248;599,153507592764;9
"198";"Khazix";"Blue";"jungle";1,49163686282261;-0,983400632538736;7,17936732958475;31,2678905913094;81,0390097901418;563,123112507992;2665,61426672629;2
"199";"Khazix";"Red";"jungle";1,95204547525677;-1,56975507969277;4,30870767746474;12,9625297645259;29,7804561451116;687,334051047676;1750,02274443368;1
"200";"Kindred";"Blue";"jungle";0,744602438288002;0,677465603138305;2,67190952863791;10,5668526675337;25,9676322220723;0,605507762854878;819,34356647394;16
"201";"Kindred";"Red";"jungle";1,36627928202815;-0,162447776625495;0,0320365381939102;7,9541401275891;21,84217598425;279,655027017855;1096,10655025637;20
"202";"Kled";"Blue";"top";-5,67519361844153;3,15556155349564;-0,238030037612272;-14,9549590933411;-28,7188255338198;-8,22834021215213;-2054,69878297041;1
"203";"Kled";"Red";"top";-1,50341502133597;-0,940967205605759;0,372091143366192;-19,8045610780105;-26,8494514756586;-71,8433539320804;-1053,83715929516;2
"204";"KogMaw";"Blue";"bottom";1,07168684668145;0,678769620984606;-0,883178086609009;12,4616353935314;-52,5325484016529;563,622547418164;-329,01819637137;5
"205";"KogMaw";"Blue";"mid";-4,65266230885465;-0,342713196979766;-3,76967931344172;13,3587036260387;14,889397955082;-218,918547353868;-1444,60301616218;2
"206";"KogMaw";"Red";"bottom";-1,90777876613277;2,4148882358003;-1,62377703122395;-2,24671355143834;-35,1638371010035;-199,124168870953;-2227,36088794373;6
"207";"KSante";"Blue";"mid";-3,76493972398434;5,47032649950904;-3,39356798127402;-30,3043468894554;-27,006094191462;-1138,35083961365;-2406,4744351092;2
"208";"KSante";"Blue";"top";-0,0396321520824012;-0,47085530911065;0,764017287012952;1,81953224196503;-12,3235780952445;73,0317621537297;-275,098714650518;209
"209";"KSante";"Red";"top";0,00296497244533011;-0,437953786622337;0,681504365199402;0,234260848366752;-9,02115163563347;46,1139045447404;-183,422716244199;288
"210";"Leblanc";"Blue";"mid";1,23570628866665;-0,440878035521709;-2,22088274637723;11,9115255822765;17,1048196268141;431,173223540238;1174,79047656141;18
"211";"Leblanc";"Blue";"support";0,884472383606461;-0,293836900679545;-4,25000543816744;1,52451674377469;0,130102998212093;129,799793797445;-426,74345845039;1
"212";"Leblanc";"Blue";"top";3,60934834636104;-0,976419184773538;-7,72803006662993;-5,16395377054492;58,0673764871872;38,6963495758428;2291,42715450677;1
"213";"Leblanc";"Red";"mid";2,6260750006019;-4,06658239872969;-1,40352344770051;21,4021566383661;57,7410341673884;968,062907325306;2816,2472321311;17
"214";"Leblanc";"Red";"support";4,75275636989372;3,77834612319049;1,90344806754529;-9,04766863030341;0,555784191644977;686,683083495259;2263,58200723444;1
"215";"LeeSin";"Blue";"bottom";-1,94642422343996;1,15531899145082;-2,9680924557593;-1,86881785422903;-11,9567278821453;-422,124791349284;-438,290995471496;1
"216";"LeeSin";"Blue";"jungle";0,37279422541383;0,438193626833712;1,22689740003742;9,3471037218666;15,9185882250182;-2,05596214655011;623,124841109719;48
"217";"LeeSin";"Blue";"mid";0,016052308030382;1,9385193384111;-1,36350572369454;9,1381315763616;2,18399684254717;819,561598476929;702,39816985495;4
"218";"LeeSin";"Blue";"support";-1,18068037988326;1,34544896454824;-11,3187677160009;4,62859934605356;23,2032627233723;36,7937017630722;-1587,07797630852;1
"219";"LeeSin";"Red";"jungle";0,539465387741695;-0,0627914484560316;-0,0782970742833825;-3,16332628373747;-6,44024331044229;267,517094739828;272,369963573704;40
"220";"LeeSin";"Red";"mid";3,68363644728895;-0,515896547854806;3,31896465100093;14,4856220510281;8,8804112147316;510,421169078407;2833,90095941414;2
"221";"LeeSin";"Red";"top";3,38293261302134;3,91090626404238;2,67015337166559;11,8655657336788;5,92973665450283;764,287216971489;979,163738763286;1
"222";"Leona";"Blue";"support";0,109843195475324;0,292920950243033;-0,886554549550308;1,33112164119265;4,16683417955869;63,0436915404573;27,9005971439789;307
"223";"Leona";"Red";"support";-0,0818472357822716;0,613211925087034;-1,33310529341255;1,90586671011367;5,07472652675404;-28,6026233512215;1,07071627089715;311
"224";"Lillia";"Blue";"jungle";0,457174316066153;-0,0638085996674546;1,63636526333382;17,5117275700657;40,9823426721805;153,41560790201;1077,46631304497;93
"225";"Lillia";"Red";"jungle";0,442035725553566;-1,30963639993405;1,00716834663275;7,67272373456145;15,2153346180164;291,359866000901;799,877481701931;101
"226";"Lissandra";"Blue";"mid";-2,2749478786738;1,54105275863894;-0,103582351183516;-4,81956496156467;-6,14293436460412;-298,277372720832;-999,132292555277;7
"227";"Lissandra";"Red";"mid";0,358706096002219;-2,00863608720206;0,961047769501656;17,9993033025431;44,8240388512591;645,529102454663;1969,57221439757;5
"228";"Lucian";"Blue";"bottom";2,3752323284448;-1,07900865782805;1,67160831107283;17,5167579201471;16,9311140615404;495,949307062788;2025,76905637432;14
"229";"Lucian";"Blue";"mid";-0,631592314221386;0,0942193233737445;0,772424063148079;6,80327152760695;14,1626107581173;189,631429805313;544,520708719664;4
"230";"Lucian";"Red";"bottom";0,29667688061774;-0,19471897015527;0,17342540373757;2,01271628202578;-3,88917637597669;-135,885212937766;-364,840603396901;15
"231";"Lucian";"Red";"mid";2,27661666163619;-1,80498868583868;0,657598677853864;26,8169013097055;29,7905607380166;295,915237848183;220,348989328366;1
"232";"Lulu";"Blue";"support";-0,0968073353407268;-1,35302368493413;1,95174445675031;-2,32298589847646;-0,848923892216025;114,401147414255;161,830231789675;52
"233";"Lulu";"Red";"support";0,140016579260901;-0,386896374202368;-0,180921785639534;0,707446370902429;1,97445980741442;113,968661645012;213,436353937336;56
"234";"Lux";"Blue";"bottom";2,57131565272239;-2,34684196764863;5,02862519900261;14,0025284697104;18,940430740871;996,966934005179;2334,92565622178;1
"235";"Lux";"Blue";"mid";0,976410275667571;1,02663237447258;-4,21387604138086;8,46930457773455;-21,0478226778111;486,796814735082;-209,793694077458;3
"236";"Lux";"Blue";"support";-0,685586567264245;-0,482329192459239;-0,180927716908196;-11,0962745708605;-0,930192206659385;-165,189769121965;723,197731330557;1
"237";"Lux";"Red";"mid";1,10160200173358;-4,0395045342375;0,975548101206008;20,0127084094269;61,6115346758418;556,013040208329;2656,39480150377;5
"238";"Lux";"Red";"support";-0,137208047412814;-0,476095486264916;-0,0299635521644506;11,7553943912441;22,4113253706795;86,1775759779156;-243,39047484497;1
"239";"Malphite";"Blue";"top";-0,784229030215165;0,00510707887878522;1,08278095065504;-10,3271468587689;-35,2571976295973;-307,199229569785;-1661,07519814822;20
"240";"Malphite";"Red";"top";0,664217817431592;0,393078549796819;0,658417186726567;-8,22230773141339;-4,80476298634275;-76,6063063103042;-73,0908868131013;3
"241";"Maokai";"Blue";"jungle";-1,2698309233929;0,488592215418765;3,40152485926051;4,9105884928437;-4,45900574207616;-268,08934498878;-456,256524918324;153
"242";"Maokai";"Blue";"support";0,602174703647487;0,405911061037736;-2,33974646619219;-1,4834783282683;1,08485745920163;123,211636334084;129,154804173974;22
"243";"Maokai";"Blue";"top";-1,06830095602862;0,135982069686513;-0,169905287225339;-7,48973511286267;-34,5940582229105;25,3700956261434;-1172,01106281418;22
"244";"Maokai";"Red";"jungle";-0,901193845124792;-0,607948886909192;2,74464342253834;-6,9555762428814;-38,7943630040597;-117,323174659618;-811,88483408167;182
"245";"Maokai";"Red";"support";0,100812001111595;0,226874706723851;-0,289894423849057;1,92004977661731;4,77684374095157;31,2452496942136;131,753662334389;25
"246";"Maokai";"Red";"top";-0,811174465295303;-0,0668017358666533;2,07725326131544;-13,8924568755095;-30,7858721096405;-405,174723437619;-1056,50389418246;24
"247";"MasterYi";"Blue";"jungle";5,44925954412057;0,766845939183198;-1,22552995560275;20,8285851405499;22,0866007438463;339,678149220432;4069,34135720396;1
"248";"Mel";"Blue";"bottom";0,27745577022735;-0,157504764000857;-0,091791707510135;0,812334974589877;-28,8697008791472;-160,688563956686;-703,273425298207;6
"249";"Mel";"Blue";"mid";-0,378781723685253;0,639745469562842;-0,415098360804726;4,15856566670136;0,49794986768367;-182,746186580618;-296,494970992544;22
"250";"Mel";"Red";"bottom";0,204335022591879;0,725164908492026;-1,44444903863207;1,59239241356442;-25,5828895397365;-108,807604416032;-799,356566341473;8
"251";"Mel";"Red";"mid";4,65491132783736;-3,96677050899929;-0,951904199619119;25,2257655266193;59,2886122917138;1028,68899813939;3083,61685868314;33
"252";"Mel";"Red";"support";1,7527563698937;0,778346123190488;-4,09655193245465;-3,0476686303033;6,55578419164485;-123,316916504735;203,582007234441;1
"253";"Mel";"Red";"top";3,08647900588043;-1,28812334254351;1,3730377748704;-8,08018010489795;38,2147392100327;1057,32082352951;2629,44727544448;1
"254";"Milio";"Blue";"support";-0,243549196293595;-0,126556084168866;-1,00165549242612;2,96003512115232;4,83775159531464;-84,3608795535819;-364,628909753503;10
"255";"Milio";"Red";"support";-0,684967078253368;-0,914056285304818;1,37332350028742;0,411671016539802;3,99065841518532;126,167052570304;-342,262223831991;8
"256";"MissFortune";"Blue";"bottom";1,36811107464678;-0,742727943188311;0,934716157965135;14,1978952150478;13,1098128043943;400,433767354836;1333,81620574169;255
"257";"MissFortune";"Blue";"mid";-1,12050741752457;-1,32948003214402;-2,11140456425974;8,0676989820966;25,0265706850493;177,69126004991;-300,943893910772;1
"258";"MissFortune";"Blue";"top";-0,480851299016268;0,0835622474344467;-1,51299005910374;-8,96627263897149;18,346133349229;-498,594467999724;-48,207256667173;1
"259";"MissFortune";"Red";"bottom";-0,650464831647833;0,255987155435701;0,275573912849748;2,86363541022034;-7,34736829417413;-64,7137708157282;-566,652124211469;226
"260";"MonkeyKing";"Blue";"jungle";-0,703072132332788;0,484042038093269;1,80373344703148;6,35800118131061;15,1667580639224;-197,190286920364;265,765889324171;154
"261";"MonkeyKing";"Blue";"support";1,23802004852434;0,702970192988781;-0,259930871684583;5,16465538537278;17,365518370271;652,067673716275;1196,14413717933;1
"262";"MonkeyKing";"Blue";"top";-0,685977857587439;1,30232122013879;0,572220572413247;-6,13122699873674;-1,82369552432644;-277,279590836458;-540,942029379763;7
"263";"MonkeyKing";"Red";"jungle";0,747496918867173;-0,786271375928428;0,811467723533023;-4,28191712235405;-14,5820547568597;144,037324776854;227,425074259018;166
"264";"MonkeyKing";"Red";"top";0,18427508619502;-0,561125900980277;0,55581193085371;-5,1784405934898;4,83944067325304;-72,8709576233126;673,978934735011;8
"265";"Mordekaiser";"Blue";"top";1,27160733235525;1,5414615534156;-1,20463639910314;-6,9924624924451;0,0228639392829875;71,361396175728;723,570964531959;6
"266";"Mordekaiser";"Red";"jungle";-2,57551622068965;3,74698474402893;-5,36616897958391;14,215727283367;-9,52364934263448;171,997791074651;-1918,02123173093;1
"267";"Mordekaiser";"Red";"top";-0,0606746537493439;0,0537414726899898;-0,694875938113152;11,2664699821298;0,921706523769257;495,220776375297;-229,197927610209;8
"268";"Morgana";"Blue";"jungle";-2,54404731788415;2,73491890341683;4,65647715406234;10,9157998349148;4,06927031577533;134,637894010736;459,930256534544;2
"269";"Morgana";"Blue";"support";1,05536081163054;1,08930741135198;-3,30314174124818;-3,84952768113087;-10,3365988439265;385,219800670864;237,461191115866;1
"270";"Morgana";"Red";"jungle";-1,62817519273933;-3,43039766568368;0,519776374802363;6,85925702001396;14,6339167244204;525,908053792114;-181,792085640525;2
"271";"Naafiri";"Blue";"jungle";0,0235495215802152;0,0117202303645283;1,53075892523813;14,8666532302165;39,0889543883959;74,7425953620732;1062,95149590066;109
"272";"Naafiri";"Blue";"mid";2,8625589788358;-2,18589693795005;-0,0519255766099958;-3,70097830428934;13,963647636336;171,840447136027;1928,62471387333;1
"273";"Naafiri";"Blue";"top";11,3906114330333;-4,97769510426568;5,66120313791762;8,21221341229862;61,1531296015212;-38,4172632563365;6459,80832390213;1
"274";"Naafiri";"Red";"jungle";1,83203612292672;-1,44984108246271;0,696891605176226;3,47060357337712;6,05352364246038;347,709573344356;1125,57508012316;132
"275";"Naafiri";"Red";"mid";4,47521269285795;-3,82191415203885;-1,74635337305565;30,6207092915402;39,6364431680477;1047,3860740375;2017,26696412993;4
"276";"Naafiri";"Red";"top";-0,195730400982865;-2,19761721856356;1,60067154334847;27,8546482214072;59,0884965062828;354,114880109651;2209,57302628982;1
"277";"Nami";"Blue";"support";0,805946042399139;-3,21221558144125;6,11847424690011;-2,23682609848129;-1,51646932166441;190,911099412787;712,814541422559;6
"278";"Nami";"Red";"support";-0,82279461467715;0,0415753212759046;-1,21089126907262;2,65911982038411;1,48113316401994;-126,012193144086;-375,192743514524;8
"279";"Nasus";"Blue";"top";0,324806381558615;0,155561553495546;-0,23803003761223;-14,9549590933411;-19,7188255338197;-386,228340212154;-666,698782970385;1
"280";"Nasus";"Red";"mid";0,367401232425634;-1,46530161632138;-7,28676755693847;5,58217674609402;32,9981538188286;146,977209052107;607,681341043255;1
"281";"Nautilus";"Blue";"jungle";-2,76437693431733;2,46234018419027;0,0679474024730143;-10,4803251446558;-55,6077895310262;-982,782240688919;-2522,69714229294;1
"282";"Nautilus";"Blue";"support";0,10694920718701;-0,244069392355552;0,0128806909739896;1,37662626483808;3,44238553232043;74,0053650421172;135,256482395975;258
"283";"Nautilus";"Blue";"top";-1,49167135828269;2,52599373606956;3,93678118782526;-18,0752168209232;-53,7664849494129;-1309,66868946951;-1752,58835047171;2
"284";"Nautilus";"Red";"support";-0,0372287643800757;0,491325997142011;-1,7800634015729;2,12676208752751;3,22589834081793;5,24432158625195;-99,133698935118;308
"285";"Nautilus";"Red";"top";-1,08616773015015;0,584646052833407;-0,547587841697826;-2,9902149778934;-6,58950260645778;-221,719548693439;-1065,42366630953;2
"286";"Neeko";"Blue";"jungle";0,809761034981378;1,69661122469803;1,60620838183502;8,49491847051789;-12,7232967169098;-213,393494414787;-726,190903617626;1
"287";"Neeko";"Blue";"mid";0,0438137322679198;1,31167244671238;-2,17589889902437;-2,96382609217875;-3,70158871829876;-189,56398861511;-172,235353955282;5
"288";"Neeko";"Blue";"support";0,468648360289379;-0,349564102186213;0,0609229424382399;-0,550432617115107;6,91679524733497;231,860579765536;541,457274445917;81
"289";"Neeko";"Blue";"top";-1,14480782863013;1,16219838065399;-4,58462908554307;8,08218563170552;-45,077143661968;716,605127405608;-2013,95873856618;1
"290";"Neeko";"Red";"support";0,527583768634222;-0,058819724298576;-1,01720261598443;-0,63668749051084;4,72321054355152;100,719892762367;413,566822884555;81
"291";"Nidalee";"Blue";"jungle";0,133169611116514;-0,903903999760965;3,25741323923308;22,1461239050847;41,3458541280553;314,865036430657;1239,42511268071;56
"292";"Nidalee";"Blue";"top";1,15209506676883;-0,0587251330879125;-0,999475840820953;16,3214889990504;19,7915820587055;864,811094901251;2100,70461711447;11
"293";"Nidalee";"Red";"jungle";0,676514068988546;-1,21679593091783;1,62957998349982;5,73387360519926;7,36665688627403;343,683606495309;1120,6453352128;43
"294";"Nidalee";"Red";"support";-2,23401538275348;2,17088082880098;-5,07821909541411;-21,5675915072321;-20,4375985215359;486,578723392173;-867,560243055283;1
"295";"Nidalee";"Red";"top";0,828733087761042;-0,121870343250926;1,23884905379359;12,4513012074127;24,3013730078813;406,220727744699;1907,78707878039;4
"296";"Nilah";"Blue";"bottom";1,05357577656006;-2,84468100854928;5,0319075442409;15,131182145771;47,0432721178545;-92,1247913492908;2883,70900452849;1
"297";"Nilah";"Red";"bottom";0,858498863729004;1,17586286153641;0,501983803775497;-4,4136715137645;-106,966298689829;-563,120950063225;-2232,63234302759;5
"298";"Nocturne";"Blue";"jungle";-1,10152071220538;0,773407357612545;1,85812358576336;15,5245878774158;25,4529476039768;-29,6233281834679;209,955099432816;93
"299";"Nocturne";"Red";"jungle";0,368637550491261;-0,670785151656732;0,632898859727437;2,99136037923302;-6,97560372671405;333,236579576124;201,276551707428;88
"300";"Nunu";"Blue";"jungle";-0,479485230744765;0,641622004663707;1,61271781891777;23,9887552056304;42,2070545498877;240,206218279319;508,705982476364;5
"301";"Nunu";"Red";"jungle";-1,0959237346806;-0,406411279607698;3,18743681896353;-5,28799724099468;-16,4045544092276;-241,570970186725;-11,818864842889;3
"302";"Olaf";"Blue";"jungle";-0,929732549299694;0,337199781281547;2,40218695129814;17,0149947695079;50,5353112724999;226,933383380779;1636,30783482582;2
"303";"Olaf";"Blue";"top";0,478971485618152;0,321706468158298;-0,847968346150799;1,9201686044255;9,82065053997755;-59,8592506016267;490,187537418775;21
"304";"Olaf";"Red";"jungle";1,63477049389819;1,65821891224816;2,74729761211765;2,94078177224304;-0,715049731695665;-4,78268890485204;1200,42472823655;4
"305";"Olaf";"Red";"top";-1,20529083248481;1,01606979482791;0,589634092840698;10,0044110312016;1,15569275577582;477,007837822406;-179,57881156093;13
"306";"Orianna";"Blue";"mid";-0,414460904837422;0,297855564652487;0,742938539903716;5,70817911592915;6,11830185693959;95,170602280586;-26,1113426564629;135
"307";"Orianna";"Red";"bottom";-1,91238504617622;2,52744998355796;0,539871454239587;-39,0708236230889;-88,6411888250742;-661,121991542463;-4769,2846809764;1
"308";"Orianna";"Red";"mid";2,58423587024841;-3,70467974107556;1,70078065964285;29,0715100136112;60,0819099403796;836,437102653513;2834,54303513697;135
"309";"Ornn";"Blue";"mid";-0,642342089486359;-0,165490215264522;-10,7347747154161;-5,55327879868561;-5,67739416976236;-321,206824216817;-1875,92774111471;1
"310";"Ornn";"Blue";"top";-0,834494582371622;-0,05122651687834;1,83935797012805;-7,6286922002341;-26,519897738402;-287,247610477284;-1128,82698597125;76
"311";"Ornn";"Red";"bottom";-1,94085001387713;0,000231664694299323;0,873350481602888;-0,442238636086387;-33,5915938061062;-247,211234145465;-2505,34592539361;1
"312";"Ornn";"Red";"support";0,592084853398049;3,30546022628993;-3,52085064111618;85,0420603707803;171,4844937253;852,525772668157;2555,27885144594;2
"313";"Ornn";"Red";"top";-1,09690574503257;-0,724311510220395;1,83089449965884;-10,6441562130565;-26,2905164511496;-309,364284166897;-1217,5142159865;78
"314";"Pantheon";"Blue";"jungle";0,362346508425154;0,291796940254548;2,13702607215194;11,4262018173418;20,6485180134205;69,3030999512737;798,214548013313;153
"315";"Pantheon";"Blue";"mid";0,591527261096276;3,31731401838933;-3,28588916335242;-16,8220294081734;-30,2154786036971;-155,901028876908;-117,457193958273;3
"316";"Pantheon";"Blue";"support";1,08058110804498;0,793667481239673;-4,30683846699448;-1,51663033821736;0,910459131038488;246,091727333039;45,5639114009162;25
"317";"Pantheon";"Blue";"top";0,782460792762077;1,2365387730391;-1,23781117982306;7,12478332421809;18,3179929897017;503,854748786828;-1,73232587729001;4
"318";"Pantheon";"Red";"jungle";1,34240931224067;-0,323990427254023;0,14723263055641;-3,41637428373444;-17,2436734422525;322,798486395008;325,467042366394;124
"319";"Pantheon";"Red";"mid";5,14008072880454;-3,56279776841806;0,333485417689141;10,4955470599516;18,656705076968;1116,08607547747;3214,37098545784;3
"320";"Pantheon";"Red";"support";1,74726433619348;1,23006761305538;-3,27996899033123;1,27991113501911;6,54142836889267;333,977369775335;715,866066704619;24
"321";"Pantheon";"Red";"top";2,79835639705152;-0,195420932777051;3,00832859602976;0,286175907425557;-0,382915913958763;231,305301610341;1586,97285295185;6
"322";"Poppy";"Blue";"jungle";-0,481942459296489;0,177500936914975;2,71015948737432;7,05310081502867;6,13784721539561;-145,63731973701;202,574747453256;39
"323";"Poppy";"Blue";"support";0,604778976378147;-0,772144179745313;0,348515900799952;0,604073497601354;3,25066865237001;175,110651611346;473,384203676499;98
"324";"Poppy";"Blue";"top";-0,0679841775453605;-0,302282803312829;0,471170062560631;-4,33942574784334;-21,7342607578371;-107,417018254505;-348,894814839439;31
"325";"Poppy";"Red";"jungle";-0,202856279170886;-0,704200976772349;1,25655164593057;-5,15434322276805;-27,8376557716548;-35,8590434082118;-318,905169765245;44
"326";"Poppy";"Red";"support";0,299993074656846;0,337947041898883;-1,83040157452311;1,20327395460953;2,84194824859809;39,7545922575894;113,797411671689;99
"327";"Poppy";"Red";"top";-0,319285230893184;-0,954159187103232;2,15905433371725;-6,16061610949056;-15,5886910238359;-145,973794014479;-386,685132166503;33
"328";"Pyke";"Blue";"support";2,0681410020221;-0,677020743592854;-0,202028000914027;-1,42431812100615;9,26971148835791;426,978920897824;1200,41326307865;24
"329";"Pyke";"Red";"support";1,77723164880257;-0,254862269278718;-1,77985306138244;0,575840361335523;11,61690207788;518,634236040326;1047,03823551139;23
"330";"Quinn";"Blue";"top";-1,19515039793503;0,95279409515731;-0,437006236586361;-3,06016312161775;52,1371891175767;-123,861221834964;1805,32834452342;2
"331";"Rakan";"Blue";"support";-0,110035582693551;-0,745558390544592;0,933411619709711;1,19693697845228;4,14445882096506;101,505507517341;175,972482079413;281
"332";"Rakan";"Red";"support";-0,295855497523706;-0,449705767148004;0,652533353508967;1,78395654321421;4,83995328790118;76,6059915832933;174,532579276164;277
"333";"RekSai";"Blue";"jungle";-3,07341656829572;2,45223284190383;-0,922516355710515;-10,4304056762645;-56,0776920841733;-684,085616968748;-1971,81223102035;2
"334";"RekSai";"Red";"jungle";1,5441763415369;-0,956669126390054;-1,62074174574505;3,7567667609244;14,525729444157;548,094410205331;1487,3233627973;2
"335";"Rell";"Blue";"support";0,351636594434618;-0,192819182534705;1,00534513112243;1,19670569423409;2,70395117692029;78,6910283383635;247,082170185859;386
"336";"Rell";"Red";"support";0,0257892189149884;0,0823244564404645;0,232436255785016;1,61420610803441;2,76233772627594;17,1509858070222;148,766991485481;429
"337";"Renata";"Blue";"support";-0,221350341164097;-0,0905981703996046;-0,355618551944364;-0,0100557051976197;3,59538411433933;57,8309256483881;74,5799200705376;100
"338";"Renata";"Red";"support";-0,0217496377410709;0,051148784827394;-0,704269475836728;-0,610014230923307;2,64938132378199;116,872579974182;247,736835777772;101
"339";"Renekton";"Blue";"mid";-1,25706584212302;0,390611987585593;-1,86736244567387;-5,49717765307723;-2,47446463709685;-169,884155580855;-627,703106264573;7
"340";"Renekton";"Blue";"top";-0,301344408387936;0,15775383389157;-0,335495021192519;8,03827459378761;9,5215088457984;273,345561100023;205,708204960496;141
"341";"Renekton";"Red";"top";0,555112897642414;-0,385380347274088;0,409750961146057;4,59264917355636;15,0542149038487;267,814964379067;793,208619165295;140
"342";"Rengar";"Blue";"jungle";-6,49454553870139;4,39950391944264;-1,04379716033763;15,4666114774568;-14,7890302536867;-1971,2224864532;-3817,53575650394;1
"343";"Rengar";"Red";"top";4,12486931252678;-5,87854055211919;1,51256511024143;27,1999680032227;39,5775072070825;1954,26398978914;2663,30158061266;1
"344";"Riven";"Blue";"top";1,60934834636099;2,02358081522646;1,27196993337017;-19,1639537705449;-35,9326235128137;-219,303650424159;209,42715450675;1
"345";"Riven";"Red";"top";5,90805147261353;-3,9057195033013;3,50753960379645;29,775442825028;41,9283474576809;1882,40878720911;3270,74942085142;1
"346";"Rumble";"Blue";"bottom";1,57131565272234;1,65315803235142;1,02862519900263;-12,9974715302901;-49,0595692591301;-0,0330659948469535;78,9256562216755;1
"347";"Rumble";"Blue";"jungle";-1,85537163211859;-0,132263994329017;0,936262261479518;19,2469123672046;32,4870627563737;365,568926051091;119,803463674491;7
"348";"Rumble";"Blue";"mid";-6,22657795973509;4,53918952581149;0,564444624941068;-2,62478881229944;-99,7593041101484;701,356073129597;-4240,470776252;1
"349";"Rumble";"Blue";"top";-0,256449991995601;0,501965739707182;-0,24100821943198;1,3950070637706;-2,97273784464625;-55,823440426286;-236,650874411757;230
"350";"Rumble";"Red";"bottom";1,87770622725667;-2,88428228092204;0,293743388651313;-13,0377700009114;-57,3146199103117;-563,056246757803;-524,074749990061;1
"351";"Rumble";"Red";"top";0,489307846167736;-0,252123689512899;1,5105177856162;2,42547666791635;3,18225976850692;71,0038874232431;348,701512292738;296
"352";"Ryze";"Blue";"mid";-0,949961298098699;0,734200839972549;-0,777956697205019;1,19211249740749;9,0312566278728;-44,7286890221832;-4,12178692341285;92
"353";"Ryze";"Blue";"top";0,43431326824132;0,378386178021996;-0,139909824907483;10,4301745434097;31,7825777672373;166,066204284259;1265,88377700599;9
"354";"Ryze";"Red";"mid";3,10607054221031;-3,86866955795518;0,324150810799199;24,6924877943943;73,785874795192;813,335186920267;3470,52688234098;104
"355";"Ryze";"Red";"top";-3,49684731808413;0,891083024315564;-0,216464300585281;13,6240545728911;53,1745300188682;-66,7099298143178;175,826097824861;2
"356";"Sejuani";"Blue";"jungle";-1,5879437157467;0,317914118333858;3,48298778290574;6,61793105179155;0,655580463695445;-268,902835280961;-402,972959602775;287
"357";"Sejuani";"Blue";"support";1,664791816047;1,41727576196634;-8,98723906381998;-3,39208188175504;5,31188517287159;-381,457683215548;-983,042702270462;1
"358";"Sejuani";"Blue";"top";-0,910000723535789;-0,341120032925169;5,08867043842239;-12,9363867308182;-25,3979845978933;-312,31160640329;-1138,32876076824;2
"359";"Sejuani";"Red";"jungle";-0,236212225751328;-1,19593513544883;2,54363247842067;-6,03644849027454;-30,3487986575126;12,3302918527976;-409,076841301945;262
"360";"Sejuani";"Red";"top";-0,836372866801685;0,767085856900823;3,39295068574437;-2,87898309911922;-33,5444376681342;-282,203466324304;-1171,6723570633;3
"361";"Senna";"Blue";"bottom";-8,07354083944302;0,444291614450592;3,1769266569366;-67,6122992158982;-156,861190109375;-2979,67328006453;-5041,7593170868;1
"362";"Senna";"Blue";"support";-0,434201386994298;-0,728803063090884;2,53226266943186;-1,57371525865285;2,92323393518728;304,683926906754;747,027250243651;6
"363";"Senna";"Red";"bottom";-4,5988258377354;-1,60240381329681;2,56269498884848;-99,2141884461761;-237,487116099967;-1857,5260639781;-5621,30128810154;2
"364";"Senna";"Red";"support";0,682092152013208;0,0111329135128691;-1,00201603860743;0,0816447644668419;17,7285922939;381,836995870374;1721,31790500714;11
"365";"Seraphine";"Blue";"bottom";1,33722911435382;-1,68085795945409;5,74225680305496;-3,95202717013651;-25,2627430458906;-270,336559446345;-38,8545855879296;4
"366";"Seraphine";"Blue";"support";0,185232087707033;-1,31194937355843;0,10667001301925;0,37390617297035;5,67930708495906;192,29399491367;317,964335305457;17
"367";"Seraphine";"Red";"bottom";-2,49141662409488;0,372261443377717;-0,707682133775153;-6,32205049324878;-42,7062664338873;-356,335100859795;-2395,33966706483;4
"368";"Seraphine";"Red";"support";0,523275573528542;-0,267389214366627;2,43384940236735;1,4331663748527;7,71548777591692;306,933249452922;968,809220922998;8
"369";"Sett";"Blue";"mid";-3,65487320464749;4,75253014972924;1,72082849296706;-23,5649684240176;-36,4233614564609;-942,614264402851;-2539,50740002301;1
"370";"Sett";"Blue";"support";-1,83700273367213;-0,44158005729459;7,26239980794903;11,8588117167894;12,3510123555952;213,97340982909;827,157466330396;1
"371";"Sett";"Blue";"top";-0,00249702076464465;0,274683778223676;-0,179692911694191;10,5514708007317;12,7946281462855;563,280957721656;648,480844146354;10
"372";"Sett";"Red";"mid";4,77360606700502;-7,74033505763909;4,56433575463787;21,3891884194479;67,1082785312015;658,919484834073;3458,80458661691;1
"373";"Sett";"Red";"top";0,0804148121306528;-1,66386001775981;0,24030914909494;1,38267120354302;25,3354382058048;252,934157753264;1171,98179184834;7
"374";"Shaco";"Red";"jungle";6,98111101203441;-4,3868297158655;2,80076344742362;-8,86119399359958;-19,7368404395172;954,627661667938;2153,74482267337;1
"375";"Shen";"Blue";"support";1,36785285799523;-1,92251821360758;5,03770952711415;3,27947850685474;10,3412993292489;317,437078196604;1212,57943182007;9
"376";"Shen";"Blue";"top";0,234579083311954;-0,870890926484249;4,2184444448717;-5,93473279180568;-9,37947604874734;-92,7896186006331;169,237136178956;13
"377";"Shen";"Red";"support";-0,0899451002705615;1,19181443303725;1,53584008762818;3,79372731206424;15,91725418872;527,304740003086;321,427968860287;4
"378";"Shen";"Red";"top";-0,220116029613037;-0,024968640859255;1,99317471086336;-10,2286619390341;-19,9038366249605;-138,142782072899;-638,392738237333;5
"379";"Shyvana";"Red";"jungle";4,3839482421703;0,0104647495163305;-3,08548249209999;2,48717582619817;33,3806216699707;260,666676450602;2484,36703611051;2
"380";"Singed";"Blue";"top";-1,78539480946475;1,85090932624448;-5,02472590843508;0,612757159248451;0,587036946079066;49,2184725151646;-1503,25689629623;1
"381";"Sion";"Blue";"bottom";0,864453685872668;-1,44394595162861;2,40643831755609;13,5146596072448;-9,73619280843943;571,866827723122;781,27493378638;5
"382";"Sion";"Blue";"jungle";-5,17207399631819;-0,231091145399693;6,15528049071151;-12,7292031824222;-34,3950413948697;-1238,34760002762;-3061,84725595751;1
"383";"Sion";"Blue";"mid";-1,61743420921877;0,529908406020736;-4,93656765912001;7,70700349373759;2,87045911015999;171,210305634415;-701,328579426539;3
"384";"Sion";"Blue";"top";-0,968016409121579;0,090869021445288;0,681795922251647;0,223545719653761;-9,99401545887613;-28,8111333973059;-502,891372102063;138
"385";"Sion";"Red";"mid";3,35839103073898;-2,70047566518442;-0,6059893781651;7,7420210114287;18,4368374846307;556,987899883586;1511,12714410981;2
"386";"Sion";"Red";"top";-0,529600692484822;-0,525294227427587;2,45618196188981;-4,39037107243066;-9,0042474417037;-87,6977764508487;-359,333338585383;126
"387";"Sivir";"Blue";"bottom";1,32840170092922;-1,10355256519157;2,12771572043374;9,40156692621946;13,91541556888;260,139429370175;1690,54369881767;70
"388";"Sivir";"Red";"bottom";-1,53801221453786;0,0322537922246421;0,530932919102611;-5,54016819861751;-5,77533568880602;-535,392614495745;-1173,57894839231;47
"389";"Sivir";"Red";"top";0,124869312526772;-3,87854055211918;8,51256511024143;-11,8000319967775;28,5775072070824;-334,736010210871;1244,30158061264;1
"390";"Skarner";"Blue";"jungle";-1,43869930988229;0,817273815128374;2,95713500035079;4,69097838159086;-4,33707586960747;-301,461274954712;-445,833539942379;147
"391";"Skarner";"Red";"jungle";-0,552682928086657;-0,623717751843184;1,72392973088294;-7,38333588985427;-31,9261090895062;-103,996211747482;-653,415584457845;182
"392";"Smolder";"Blue";"bottom";2,68175416159043;-0,833950329309161;-0,0737397309246369;9,15496134299822;20,9979285189786;74,1536346510792;1849,33652645334;7
"393";"Smolder";"Blue";"mid";-0,649070110261855;1,00398024762002;-3,14695801585629;-3,3713167101438;13,4484830753875;-371,358131752274;-151,430755008435;18
"394";"Smolder";"Blue";"top";1,0721806753711;0,426061235983539;-2,67970465968387;3,54150912671059;46,0862151590043;209,975836411549;1445,72167732205;2
"395";"Smolder";"Red";"bottom";-0,156470007470959;0,716569312835522;-2,0864506009774;-3,92311343743953;-19,6364273726625;-259,19447463983;-1382,4792203729;5
"396";"Smolder";"Red";"mid";2,19970828921015;-3,73787983140814;0,206727788674889;19,668335602858;82,2218542335928;796,642570690295;3538,76314000894;16
"397";"Sona";"Blue";"support";1,84135254988904;0,0263897191169305;0,68249690567339;-6,97143784803018;-10,571372082779;-795,57158439463;-224,076945878872;1
"398";"Soraka";"Blue";"support";0,364673002324524;-1,99009017450862;4,34605151138854;-2,69741362048072;5,08511949988113;219,648614541241;1389,8136131963;3
"399";"Soraka";"Red";"support";-0,301836049917499;1,88437138295785;-2,45325837833171;-4,24827531665535;-3,2553693814118;-22,4728875109642;-247,06074894869;4
"400";"Swain";"Blue";"bottom";-0,421441596851159;1,76959934129093;-1,066972288076;8,95399537753247;7,64897056554272;-72,8647581565092;136,611118306205;1
"401";"Swain";"Blue";"mid";0,151212565407087;1,50495914013247;0,557823836203841;-9,69515932558766;-20,8314619619552;-118,428193789371;-189,801300166936;11
"402";"Swain";"Blue";"top";-2,66153649216382;0,969731456386157;3,9329565419709;10,8538250871092;-0,922236937960557;-126,118323090662;-983,323011507354;2
"403";"Swain";"Red";"bottom";-0,881920184118396;-0,383308783986413;1,06394956307024;-1,44626749491305;-62,5885431871982;-52,7622218936322;-2222,52047076486;3
"404";"Swain";"Red";"mid";5,1647788181849;-5,43494479985353;4,31615200715416;26,8000215844307;67,0340543301418;1097,25268127158;4197,66629427322;7
"405";"Swain";"Red";"top";0,674529478674556;-0,71372851067345;0,0152159923604814;18,5388059990526;28,7078254012263;631,485518929836;1410,1435369984;2
"406";"Sylas";"Blue";"mid";-0,191584759191954;0,726474394171601;-1,06247258470932;-8,71476775840378;-13,0109645774806;-155,505616099739;-172,221817990207;120
"407";"Sylas";"Blue";"top";-0,675737014368087;-1,56320914637632;1,42586211724379;7,06947066896935;-10,329804761408;730,866400158077;334,733518823076;4
"408";"Sylas";"Red";"mid";3,31090615231862;-4,09230777010203;1,13623089906758;17,2886374358135;50,9595912119722;719,169369045351;3061,11399442292;91
"409";"Sylas";"Red";"top";-1,56610793011597;0,0288881007547975;2,23134322496918;5,56655440126874;-4,49589808305513;307,958545639981;184,212879474039;2
"410";"Syndra";"Blue";"mid";-0,430212733071257;0,987737434596678;-1,55719330659571;4,44035241944316;5,64406750393354;-59,0891680119492;70,3981599472885;54
"411";"Syndra";"Red";"mid";3,35157171641352;-3,35106667652211;-0,0724090804563852;29,5810634574022;66,1704771836773;989,556512045843;3395,02930605619;57
"412";"TahmKench";"Blue";"support";-0,629398877132562;1,02040159880309;-4,43250108385693;0,725875253024985;3,81442612139539;-130,697442861925;-516,360292889284;5
"413";"TahmKench";"Red";"bottom";-4,85123291376101;3,43954015701872;-5,63423150380654;-11,1902596927792;-89,4308310024058;-1055,8478326873;-5558,66158779989;1
"414";"TahmKench";"Red";"support";-0,991771018172313;-0,400251188853634;-0,73465984991356;-2,5518260457183;-3,1459549131921;-124,457378527982;-351,749752706791;4
"415";"Taliyah";"Blue";"bottom";2,92645916055724;-2,55570838554941;9,17692665693639;18,3877007841024;22,1388098906285;711,326719935522;2169,24068291337;1
"416";"Taliyah";"Blue";"jungle";0,196947508850971;0,0715912719772409;1,32672104632622;8,29341683944428;13,7685838333075;381,575613904178;933,790601856542;2
"417";"Taliyah";"Blue";"mid";-0,226577959734183;0,539189525811966;0,564444624939467;-2,62478881229736;1,24069588986302;-119,643926870483;222,529223748934;241
"418";"Taliyah";"Red";"bottom";-0,812415162055165;1,22209358032966;-1,72229702453162;-3,34831934929465;-29,259481384914;-461,705385675889;-2384,15123009079;4
"419";"Taliyah";"Red";"jungle";0,540719770991028;0,278556750796298;1,20655985216479;-4,8556548274723;-13,7111222422425;151,46528247532;-70,5237561855161;10
"420";"Taliyah";"Red";"mid";2,17358752322221;-3,71797408831682;1,72111602114615;22,0383114190796;58,6570082648316;616,445115959644;2706,35495912084;244
"421";"Taric";"Blue";"support";-0,473299074840416;-0,417757652379084;1,74742944032536;5,12385549732797;7,68003726198984;12,0605945868307;93,1569760581824;13
"422";"Taric";"Red";"support";-1,091318242923;0,866289007831557;-0,393969311585387;7,69570200303553;14,8612230496924;-763,470566699306;-654,954898656138;3
"423";"Thresh";"Blue";"support";0,0152235282863884;-0,1800046380397;-0,709056587444987;1,3820199926213;4,15668649225973;48,8185376774261;-30,0072047559357;18
"424";"Thresh";"Red";"support";1,00864267371557;-0,335224439379537;0,608409404341725;1,49370447365242;0,274891340528788;156,897411671744;486,384397431606;14
"425";"Tristana";"Blue";"bottom";2,4520002683919;-1,35762047428742;0,63124065050032;3,9176992660529;4,31481208036672;257,672442244475;1635,25041403015;52
"426";"Tristana";"Blue";"mid";-0,0858830248917195;1,04658595591277;-1,23318144811579;-1,27833352253879;9,24221420917637;52,554484416105;761,860366324822;52
"427";"Tristana";"Red";"bottom";-0,434556892118111;0,144670966189638;-2,05545084500277;-6,0125350754977;-16,7247017004642;-235,468180717469;-793,252046098339;55
"428";"Tristana";"Red";"mid";3,48025620510352;-3,5918951827375;-0,945268894475643;24,9187540799451;74,5752731312427;972,672465594968;3867,71667223381;49
"429";"Trundle";"Blue";"jungle";-1,21696031964661;-1,6912051769994;3,51677157560527;18,9800045719959;43,5656430655058;231,000226823274;880,72714379136;5
"430";"Trundle";"Blue";"top";-0,451047957743485;-2,7883412342968;3,3957189295599;5,56018874481349;33,8215798962407;412,574509941482;3286,08256144679;2
"431";"Trundle";"Red";"jungle";1,01123707845869;-2,82005815108394;5,24565565053871;3,89339403663046;19,9862587582069;205,808413787991;2345,50797172722;3
"432";"Tryndamere";"Blue";"mid";-0,544383663549388;0,111771269310798;-1,36956724531545;4,34444974137168;22,5925597267953;769,583852119892;481,213767579885;2
"433";"Tryndamere";"Blue";"top";1,05968818021319;1,85876877378075;-3,23068094874887;24,497208233625;51,9370582930424;1138,47482043513;2847,58519812097;2
"434";"Tryndamere";"Red";"mid";2,73580485496099;-4,503673661868;-0,291249030899969;21,6304804556153;98,1752879828824;967,691889371987;4473,96479323581;5
"435";"TwistedFate";"Blue";"mid";-0,103931820580066;-0,213127206388177;0,00319456952721067;-1,82572290861783;-4,51282865088578;601,593462343215;1083,18839142304;4
"436";"Twitch";"Blue";"bottom";2,50669646179835;-1,20252369277897;0,360818464843903;-11,0701389764094;-21,4382329604918;-1010,79309318193;290,233320366587;5
"437";"Twitch";"Red";"bottom";0,295599533006418;0,802995148927638;-1,39052683543562;-15,6965294543093;-27,2878286112383;-821,965198331369;-979,905961679672;6
"438";"Udyr";"Blue";"top";-1,00264261912809;0,978398393014945;-1,26732408922064;0,615888141129646;-18,002210938318;200,433107734588;-805,460851177641;19
"439";"Udyr";"Red";"jungle";-1,23833762301266;-4,29688171348704;7,53481960582862;4,04933677919088;31,2663741309488;423,835737845901;2027,76740764429;1
"440";"Udyr";"Red";"top";-0,7795185891263;-0,13568268270789;1,5014569847503;3,35299679258916;-8,25913940290099;36,7242629104255;-251,614805816345;13
"441";"Urgot";"Blue";"top";-0,00573907040991928;0,763566692257143;-1,16732375334305;17,4417871292869;4,93743236298346;507,368627961497;97,2933382040429;4
"442";"Urgot";"Red";"top";-0,270172264532643;0,968007762744649;-2,42479807040392;-6,10100702634604;-6,91252896078398;-112,588287103006;205,871081486394;3
"443";"Varus";"Blue";"bottom";1,3069589422315;-0,654818116649012;1,10881911601117;14,3173312847378;-0,100545018274893;327,159608499663;951,193112565098;356
"444";"Varus";"Blue";"mid";-2,27845494718533;2,51326391163801;-4,31053104049957;5,67386046151328;9,31624578669878;-531,835738527822;-1382,49839608229;1
"445";"Varus";"Blue";"top";1,20639408472171;0,663939882290615;0,136730163608783;13,1312816303102;33,4085070188422;625,578295171854;1551,98580094522;5
"446";"Varus";"Red";"bottom";-0,136499275505629;0,246915604217794;0,323605261707533;0,536250594283425;-27,0767120994149;-126,06752602161;-1164,79716889312;397
"447";"Varus";"Red";"top";1,12486931252676;-0,878540552119156;0,512565110241425;1,19996800322244;50,5775072070825;-286,73601021087;3387,30158061264;1
"448";"Vayne";"Blue";"bottom";2,93237926517027;-2,42765039190377;1,30274371434386;9,27937470785868;-4,38822094869532;204,237456720732;1309,41704033532;3
"449";"Vayne";"Blue";"top";-1,32269337541009;2,31639759243229;-0,380192881900742;1,72832544673444;-17,5054127481344;-489,598085643588;-1104,31493000729;4
"450";"Vayne";"Red";"bottom";-4,65214688672461;1,2594275460552;-2,16530871548483;-15,0076230862762;-48,7482861360179;-1914,85329269334;-3176,94249805964;2
"451";"Veigar";"Blue";"mid";0,947009563487343;-0,178784562505654;3,28556064608734;1,41352260678169;-29,1022958453119;347,801189089288;-605,115817130904;1
"452";"Veigar";"Blue";"support";1,09997928303266;-4,03257851659315;1,24990015059162;1,37136769628311;2,81457297013789;224,066745608333;287,256775909856;1
"453";"Veigar";"Red";"bottom";-4,91238504617622;2,52744998355795;-5,46012854576041;12,9291763769108;-47,6411888250743;-252,121991542462;-3684,28468097641;1
"454";"Veigar";"Red";"mid";4,71898860002379;-6,44473119032735;-1,20808929365414;22,386159028231;39,9560917054569;925,648751125654;3021,83689076978;3
"455";"Velkoz";"Blue";"mid";1,29114556216659;2,06802092938639;-4,38756805714507;7,77773513296091;-16,1326803637748;-105,148880413514;-125,302419950926;3
"456";"Velkoz";"Red";"bottom";-2,12229377274336;0,115717719077973;1,29374338865132;2,96222999908866;-38,3146199103122;-240,056246757806;-3320,0747499901;1
"457";"Velkoz";"Red";"mid";2,57341882706367;-3,14730408002228;1,17656177350406;19,3076985122294;37,9319603297007;570,649295789766;2525,40550324344;5
"458";"Vex";"Blue";"mid";0,843581720546536;1,63191179008426;0,279582200242846;-8,85776842503845;-5,42524606872207;-78,9356904044012;-502,66181767674;7
"459";"Vex";"Blue";"top";-3,78539480946479;-0,149090673755496;-4,02472590843517;12,6127571592487;27,5870369460798;-167,781527484835;-260,256896296226;1
"460";"Vex";"Red";"mid";4,66266452959073;-5,25585867800068;2,54258379247418;24,7324237223022;41,1593344703918;1875,11232916279;3238,64513233388;2
"461";"Vex";"Red";"top";0,439334750043089;-3,27634440491837;4,2564059660813;8,95689363955082;32,8434701219734;721,359582915221;2049,66798358441;1
"462";"Vi";"Blue";"jungle";-0,491358281931992;0,639891405415775;2,34308035473713;10,834508118238;18,3204901974468;-62,0510122372514;408,395606148021;272
"463";"Vi";"Blue";"top";4,85519217136988;3,16219838065403;-1,58462908554291;17,0821856317045;-23,0771436619661;859,605127405565;1851,04126143393;1
"464";"Vi";"Red";"jungle";0,113055408583369;-0,620776488479029;1,86978818154631;-1,38217592167204;-11,2145139363211;162,85780741333;257,963162548166;297
"465";"Vi";"Red";"top";2,28210203128492;1,92255752148123;2,88448553816134;4,07843082138665;18,7104886645279;441,811786352173;2033,98478209852;2
"466";"Viego";"Blue";"jungle";1,06505863702122;-0,256802148674403;1,60139102134792;16,1060345369865;40,2578477704456;135,460975272293;1506,25621984753;119
"467";"Viego";"Red";"jungle";1,11940416091893;-0,679907203707457;-0,653701780806338;4,36140446492098;2,27953035580576;340,747574043441;674,815211815578;124
"468";"Viego";"Red";"mid";4,94139471829626;-5,85607959394396;4,69676990230184;36,8466877664465;75,0027967552443;1541,51802553019;4520,11238176037;2
"469";"Viktor";"Blue";"bottom";-2,92144159685115;1,26959934129082;-1,06697228807598;4,45399537753243;-26,8510294344575;-998,864758156513;-1025,88888169375;2
"470";"Viktor";"Blue";"mid";-0,442325530853707;0,957112477234276;-1,5865585158511;3,9019241643589;3,48327993552446;-37,2424360282399;-103,685591985915;197
"471";"Viktor";"Red";"mid";2,94812301254953;-4,02592561417321;1,12502433455918;26,2986492738117;60,0755498968436;767,808188342544;2977,97238016949;208
"472";"Vladimir";"Blue";"mid";-0,479077553755684;0,839302579512747;-1,52002940664702;-7,3213640550655;-1,63886520197293;-309,395286183061;-813,941475415405;14
"473";"Vladimir";"Blue";"top";2,4967906903621;-1,26426709848172;-2,00357896006096;9,30518598854244;19,5518249701612;391,057769674638;1515,88175033246;6
"474";"Vladimir";"Red";"mid";2,93574989233732;-2,97906465817826;-3,71342501191446;21,9114805312395;36,9666543087946;1120,27220732678;1281,85112968806;3
"475";"Vladimir";"Red";"top";-0,33937210272175;0,736920653008337;-0,747353984284884;5,45666813633925;11,416590949842;215,738175424207;-237,273372175553;8
"476";"Volibear";"Blue";"jungle";-0,833137898958698;1,58363811294017;-0,703593545125157;8,90302653069789;-2,00266469936656;36,9401355246549;-617,28636706621;11
"477";"Volibear";"Blue";"top";-0,503882015923362;0,217865701541753;-1,01589700203971;3,04923874735098;13,9261272902994;146,813117494757;715,511619414267;8
"478";"Volibear";"Red";"jungle";-1,13305716076807;0,99035911805105;-1,63276153613656;-0,693301168513963;-15,9614986703665;155,881685167395;-553,157709592738;9
"479";"Volibear";"Red";"top";1,06950034405228;-1,11302545935684;1,45900080955711;4,99264553781165;44,331757745788;427,74310677584;2596,19849082031;5
"480";"Warwick";"Blue";"top";-0,339025195753641;0,723170228688366;-1,53106160229133;7,45573969818686;-3,89014884560236;172,453077596563;222,384669004954;11
"481";"Warwick";"Red";"top";1,12180217453013;0,263019188259021;-1,07146124528507;27,9057709304791;52,9659833141283;847,237231512437;3047,62050493712;2
"482";"Xayah";"Blue";"bottom";1,60337087748396;-1,00542987635799;1,28716611903534;12,9133505458809;15,1811144683073;435,079882021875;1403,10077537861;84
"483";"Xayah";"Red";"bottom";-1,16576821184767;0,337587091657758;-0,537040117530828;0,743027237944009;-4,49737168894631;-175,406391391418;-894,768789013085;125
"484";"Xerath";"Blue";"mid";-0,429508138424019;0,0956247008096904;0,359472563652309;-6,98170307634532;-17,6718998978789;-469,294560095271;-188,459135154943;7
"485";"Xerath";"Blue";"top";-1,16153649216382;-2,03026854361388;1,93295654197097;-18,1461749128913;-31,9222369379615;463,881676909345;-406,823011507379;1
"486";"Xerath";"Red";"bottom";3,23265627998416;-2,17535237408047;4,06229298872876;28,5295443582259;35,7741682735672;1344,39084220235;2217,77262048864;1
"487";"Xerath";"Red";"mid";4,11683137249397;-3,30671508833499;1,60469082081415;23,4192460693352;44,434348620738;1079,25392797439;3166,78211194266;7
"488";"XinZhao";"Blue";"jungle";-0,882072077158295;0,683459355234008;2,12406742735833;9,61405710462451;15,4497330335096;-90,8314043614249;170,93251446191;343
"489";"XinZhao";"Red";"jungle";0,262322832117292;-0,483661655433365;0,988196968416433;-2,03138512397713;-12,3690182762697;114,160568822209;216,268734333235;308
"490";"Yasuo";"Blue";"bottom";1,81606708985445;-0,0375408336291829;1,48246762808235;13,0425887616516;18,8461213416969;402,005225247088;1242,66006141727;2
"491";"Yasuo";"Blue";"mid";1,29541607802481;1,14500444319712;-0,825612396039468;6,66089959560564;22,2138790787003;267,576837925894;1495,27205672084;12
"492";"Yasuo";"Blue";"top";-1,81214705609057;1,18798344359406;-2,50319456533608;-2,4238051337626;15,0859422275757;-314,883027842089;50,5551205774258;7
"493";"Yasuo";"Red";"bottom";2,13426878972807;-1,01776686145886;3,19536969426972;31,4399952062033;6,69080193976529;1029,70298182061;1242,81669759963;2
"494";"Yasuo";"Red";"mid";0,596240529129094;-1,54345619093839;-1,89852488196617;28,469258735197;71,9510680867988;790,687571277677;1918,80803389791;6
"495";"Yasuo";"Red";"top";-3,37740528674397;2,68592540050319;-1,17910451668724;1,71103626751247;-17,9972653887035;-564,027636240011;-1592,19141368399;2
"496";"Yone";"Blue";"mid";-0,859176727309234;1,07388790948986;-1,72232293199722;-2,04261206620392;17,2388497086848;-176,666717818261;215,210564791476;184
"497";"Yone";"Blue";"top";-0,0152306599005774;1,80255464407789;-3,01165199250475;3,19817285956965;33,1693345553231;215,271469926658;1034,2515115704;7
"498";"Yone";"Red";"mid";2,57170475508736;-3,78665937608193;0,156383868025992;23,0598203882803;73,335942653683;756,029662467506;3391,96337622875;220
"499";"Yone";"Red";"top";0,0900456070024086;1,02365583551539;0,622417981121986;13,6606215237575;37,011136863489;267,704352033395;1177,76490509089;8
"500";"Yorick";"Blue";"top";-0,78156885158781;0,318591507050869;-0,078394451562856;3,48512997242137;19,0286513521759;210,05498933609;863,763443500132;28
"501";"Yorick";"Red";"jungle";-2,11326738922709;-0,0585688407349879;-6,7925450546966;4,39140213199194;3,90238091536815;-251,798338608553;-502,23619588789;1
"502";"Yorick";"Red";"top";-1,03344644249145;0,79339290288613;0,646836107314211;0,617244960162193;22,7810784574203;-154,323623818819;493,480490615936;24
"503";"Yuumi";"Blue";"support";0,0576743131370075;-1,3799814815762;-0,355667019358575;-0,916230539886605;-3,26860715936339;51,3861631826572;0,198628249513638;6
"504";"Yuumi";"Red";"support";-0,425134132816581;0,668979288667625;-0,441767223270073;-4,06736985851755;-6,41240449755903;-304,848841478164;97,7218119621561;5
"505";"Zac";"Blue";"jungle";-2,62021849072288;0,790727574904746;2,57033862462773;3,9309108455797;9,51899184563559;-474,458366591916;-801,572473096458;5
"506";"Zac";"Blue";"support";1,07900149078288;1,23624522655353;-2,49836920089835;-2,95446371726692;0,265780869072186;95,5307191419462;279,070365270143;3
"507";"Zac";"Blue";"top";-3,55277827294964;1,62086700834336;-4,15706714825368;-26,5868069407796;-44,5412308215939;-764,813143907816;-3061,41905629342;2
"508";"Zac";"Red";"jungle";-0,278397618614594;-2,47390156186546;4,06688936362555;-9,26816713127781;-11,9067298344125;12,8373354546739;494,61781464846;4
"509";"Zac";"Red";"support";-0,180760422619753;1,7957620268367;-5,46428608322737;4,32529447442277;7,87428347600802;147,13580820536;321,645037064286;2
"510";"Zac";"Red";"top";-4,80351494451246;0,68318377843682;-4,56965625451993;-1,39601851908878;-77,0929301565494;-70,5789057619061;-6457,49107683894;1
"511";"Zed";"Blue";"jungle";0,228925141755566;1,10585851614885;0,11764002944027;19,9126729541478;35,0732700979178;-78,2199686883166;977,103802691483;4
"512";"Zed";"Blue";"mid";1,82813290364426;-0,114073966353188;-2,79323844534186;-5,53693161863372;-16,4206027917154;-59,0095278631876;529,313102903907;5
"513";"Zed";"Red";"jungle";6,32035740525886;-4,13409767076702;0,313061283399151;38,0364764718421;89,7957691991551;1845,87467393139;4803,27862125648;1
"514";"Zed";"Red";"mid";9,00000000000071;-7,66666666666593;1,99999999999833;27,0000000000006;81,0000000000068;1776,33333333322;6482,33333333405;3
"515";"Zeri";"Blue";"bottom";1,94417879465255;-1,23035543235313;0,963106523922072;12,801604974807;29,8071537816325;332,98219786725;2017,37178963528;60
"516";"Zeri";"Red";"bottom";-0,610303089731728;0,168788891226922;-0,612366827004054;-3,94272523589724;-7,71127225068196;-269,270888716542;-657,456579164148;62
"517";"Zeri";"Red";"mid";2,77360606700507;-1,24033505763915;-5,43566424536213;15,3891884194482;60,1082785312022;915,419484834081;2655,30458661695;2
"518";"Ziggs";"Blue";"bottom";-0,745301687138096;0,0495299616510246;0,67601286753904;11,049953325245;-3,15451580656583;123,175019775822;-39,5505149531564;22
"519";"Ziggs";"Blue";"mid";-1,0139867477309;1,19983472333106;0,515796724552064;1,57392777107669;-5,35343347859675;71,7478362918272;-106,316446346421;6
"520";"Ziggs";"Red";"bottom";-1,82135723337418;0,507144809150251;-0,587618670763134;-0,347740469925533;-26,513878205258;-214,845401513083;-1928,88321952075;38
"521";"Ziggs";"Red";"mid";0,0640216533940562;-3,07847619613705;-0,432977937661873;17,9376048046145;27,2607742842874;317,58393079832;786,701296249732;7
"522";"Zilean";"Blue";"mid";-3,63858644558853;1,57221574592636;-1,24479314120691;-6,04606587399484;-32,4569708495518;-965,31971812357;-1837,2263463096;3
"523";"Zilean";"Blue";"support";0,682743495210367;-2,10114370218267;5,23326125950192;5,13892419752349;15,5365491607096;343,419261092285;1275,68177134369;4
"524";"Zilean";"Red";"mid";4,87417673600243;-5,36436848369547;-0,79854418238307;-4,40121560510533;0,171044761701345;-141,395412900966;2157,77092105928;2
"525";"Zilean";"Red";"support";-0,130397602008655;1,47597139304818;-3,53071431832746;2,59158229512888;4,7264216347378;41,0058247447637;-733,194043280185;4
"526";"Zoe";"Blue";"mid";1,44757166528838;-0,713951720527623;1,15009095611965;-5,95886167815372;0,362940422438108;96,1299190560831;834,765266797931;5
"527";"Zoe";"Red";"mid";6,28239734313007;-6,21633019864367;2,82611035346151;36,104234730904;69,3046201747747;1525,98768247163;5129,7595997744;4
"528";"Zyra";"Blue";"bottom";0,502109457084979;-1,19516253643662;-0,780690565357964;-11,4534855819001;-59,106026017407;-243,072204434192;-1857,48013388935;1
"529";"Zyra";"Blue";"jungle";-0,911137613935969;0,500533991406782;2,63201165739937;21,4377808627499;38,9670296181382;156,874985018293;706,210436222185;108
"530";"Zyra";"Blue";"support";5,11545840967196;-1,47275572890775;2,32569407632777;-1,36540862216774;23,2380559531031;188,695003996281;3021,12731062293;1
"531";"Zyra";"Red";"jungle";0,48913556604152;-1,36298645377538;2,37930758024025;12,7645268500603;21,0427067486895;529,651105095895;1072,02706832798;92
"532";"Zyra";"Red";"support";-0,247243630106302;-0,221653876809504;-4,09655193245466;-0,0476686303034108;1,55578419164496;-183,316916504741;-240,417992765562;1
