"";"Parameter";"Parameter_type";"Role";"Side";"Kills above expected per game";"Deaths above expected per game";"Assists above expected per game";"CSAt15Min above expected per game";"CSAtEnd above expected per game";"GoldAt15Min above expected per game";"GoldAtEnd above expected per game";"Games_played";"Kills";"Deaths";"Assists";"CS_at_15_min";"CS_at_end";"Gold_at_15_min";"Gold_at_end"
"1";"(Intercept)";"(Intercept)";"bottom";"(Intercept)";-2,26258543658345;2,39115474755122;-7,4088518127384;18,9285862635977;-4,51908399245078;634,501102847706;-1914,64233139754;NA;NA;NA;NA;NA;NA;NA;NA
"2";"(Intercept)";"(Intercept)";"jungle";"(Intercept)";-1,07384119902405;4,67354403935097;-4,83884984128166;-22,3719859689509;-37,6339277089682;-1091,23555529491;-297,332354852282;NA;NA;NA;NA;NA;NA;NA;NA
"3";"(Intercept)";"(Intercept)";"mid";"(Intercept)";-1,14750953859854;-0,329572976004389;-0,865363638662699;-1,14927019117421;14,8510715465838;57,1802709933654;301,164599040803;NA;NA;NA;NA;NA;NA;NA;NA
"4";"(Intercept)";"(Intercept)";"support";"(Intercept)";0,373947952583654;-3,02092349996299;3,23663340735442;0,00238222044496919;3,70883824456726;181,704025164801;482,280074795701;NA;NA;NA;NA;NA;NA;NA;NA
"5";"(Intercept)";"(Intercept)";"top";"(Intercept)";1,35071942821731;-0,651360320476724;-0,328844842753383;-21,0729823924017;7,02379493909364;-776,726673217513;-745,627527361002;NA;NA;NA;NA;NA;NA;NA;NA
"6";"Aatrox";"Champion";"top";"Blue";0;0;0;0;0;0;0;6;1,5;2;2,33333333333333;117,166666666667;192,166666666667;4676;8624,66666666667
"7";"Aatrox";"Champion";"top";"Red";0;0;0;0;0;0;0;9;1,88888888888889;2;3,11111111111111;118,111111111111;229,555555555556;4841,11111111111;10454,5555555556
"8";"Ahri";"Champion";"mid";"Blue";0;0;0;0;0;0;0;19;2;1,31578947368421;4,26315789473684;135,263157894737;252;5221,36842105263;10627,3684210526
"9";"Ahri";"Champion";"mid";"Red";0;0;0;0;0;0;0;24;3,375;1,29166666666667;4,875;135,625;259,708333333333;5308,75;11773,7083333333
"10";"Akali";"Champion";"mid";"Blue";3,18166010237555;2,05912982190823;-4,73898573195021;4,2092427954924;10,7079086263685;215,342429621614;1068,4701860946;2;5;1,5;1;131;219;5371,5;9756,5
"11";"Akali";"Champion";"mid";"Red";1,67253339487165;2,20308380119722;-4,74100915030213;11,4147211836733;-35,8117620154944;924,058758951821;-605,958762723278;3;5,66666666666667;1,66666666666667;1,66666666666667;122,333333333333;252,666666666667;5631,33333333333;12539,6666666667
"12";"Alistar";"Champion";"support";"Blue";0;0;0;0;0;0;0;21;0,380952380952381;2,42857142857143;6,33333333333333;18,1428571428571;28,0952380952381;3267,14285714286;6696,71428571429
"13";"Alistar";"Champion";"support";"Red";0;0;0;0;0;0;0;15;0,266666666666667;2,33333333333333;7,26666666666667;17,5333333333333;25,9333333333333;3215,26666666667;6561,13333333333
"14";"Ambessa";"Champion";"mid";"Blue";-2,60240975172327;2,32580616422843;-6,09040580961607;6,26580161058349;-34,8492974458779;-26,1269168770734;-2189,44171279385;4;1,75;2,25;3,5;130;266,5;4790,75;12381,75
"15";"Ambessa";"Champion";"top";"Blue";-0,397002427039156;1,70595915573788;-0,619835496515161;0,626378124841793;-3,66396216595947;47,5279486546169;-32,9170412797414;18;2,11111111111111;2,44444444444444;2,27777777777778;114,222222222222;235,222222222222;4721,66666666667;10493,2222222222
"16";"Ambessa";"Champion";"top";"Red";0,525950553146363;-1,15137178342799;0,860622147069999;-1,12981683595226;12,3816693400579;-216,003455484714;384,255773307656;30;2,6;1,76666666666667;3,76666666666667;112;238,866666666667;4651,76666666667;11317,5666666667
"17";"Anivia";"Champion";"top";"Blue";-0,799045994858437;2,1946244165643;-2,02790789194879;7,32260567330331;8,6184812652682;502,184656962652;68,3679552624284;2;2;1;1,5;117;251,5;4839,5;11469,5
"18";"Anivia";"Champion";"top";"Red";-1,13594785852234;1,36091556254463;-1,24886159194778;-5,82331339202654;-10,3786242864966;-1039,53300765443;-1560,16682517161;2;1,5;3;2;92,5;188,5;4296,5;8880
"19";"Aphelios";"Champion";"bottom";"Blue";0;0;0;0;0;0;0;1;3;3;1;140;275;4875;11582
"20";"Ashe";"Champion";"bottom";"Blue";2,56952381562981;-1,35643168813795;4,60239231099459;-15,8939150162995;-17,771483203804;-537,12595929297;248,461268066605;20;2,4;1,65;3,65;128;249,8;5232,8;10712,3
"21";"Ashe";"Champion";"bottom";"Red";0;0;0;0;0;0;0;16;2,625;2,25;5,6875;118,3125;233,9375;5024,0625;10680,6875
"22";"Ashe";"Champion";"support";"Red";1,00188964361065;0,666325781110876;-3,43834526093326;-4,40513240954836;13,649874557284;154,279284242461;1027,31288517492;1;1;2;4;15;36;3193;6300
"23";"Aurora";"Champion";"mid";"Blue";0,0697776750203833;1,74079266630805;-2,47320806769116;3,32166702669715;-23,4997623687579;88,6079553877664;-1120,53403895489;12;3,41666666666667;1,25;4,08333333333333;135,333333333333;274,666666666667;5342,16666666667;12391,4166666667
"24";"Aurora";"Champion";"mid";"Red";-2,31917940598064;1,70194668196904;-3,38422602075482;-3,16649519338256;-0,870718861768355;-280,289229201515;-1292,10126191022;16;2,1875;1,9375;3,625;129,1875;245,1875;4994,8125;10755,6875
"25";"Aurora";"Champion";"top";"Blue";0,648888732004276;0,1139885415098;1,03727254964612;13,1941621401147;14,2220721716615;430,552344699604;1042,63016097186;6;2,66666666666667;1;2,66666666666667;119,5;255,666666666667;4699,33333333333;11776,6666666667
"26";"Aurora";"Champion";"top";"Red";0,0474843012959023;-1,26573788199089;0,791921870210756;17,6661981832301;17,679265659145;1014,92590991656;408,189332055722;2;1,5;1;2,5;133,5;244,5;5553,5;10440
"27";"Azir";"Champion";"mid";"Blue";0,0202352867430538;1,85720800878678;-2,88965145353234;-3,40104064740619;-0,745625046712454;-311,345191473347;-291,208993093926;27;2,62962962962963;2,11111111111111;3,33333333333333;131,592592592593;279,666666666667;4939,85185185185;12249,2592592593
"28";"Azir";"Champion";"mid";"Red";-1,48703470601195;1,24152471684126;-2,2159436083015;2,38563167595491;11,9135131977266;-205,609505681093;-122,393186963241;21;1,52380952380952;1,42857142857143;3,19047619047619;136,761904761905;262,238095238095;5112,90476190476;10973,5714285714
"29";"Bard";"Champion";"support";"Blue";0,294357082253377;0,275678196268881;-0,108782287659239;-6,03746431888334;-0,190640874588078;-605,013131152792;-46,486470808958;1;1;2;4;19;29;3151;6590
"30";"Bard";"Champion";"support";"Red";-0,410077225603933;1,10876065976116;-3,53749874944101;-2,69956456991322;12,4244667355271;55,9033193977768;95,6908480324861;4;0,25;2,5;7,25;20;39,5;3395,5;7678,75
"31";"BFX Clear";"Player";"top";"Blue";0;0;0;0;0;0;0;15;1,6;2,66666666666667;2,8;113,333333333333;222,866666666667;4624,93333333333;10234,4666666667
"32";"BFX Clear";"Player";"top";"Red";0;0;0;0;0;0;0;15;2,06666666666667;1,73333333333333;3,33333333333333;120,333333333333;234,4;4852,73333333333;10983,6
"33";"BFX Diable";"Player";"bottom";"Blue";0;0;0;0;0;0;0;15;2,46666666666667;2,06666666666667;3;127,466666666667;263,866666666667;5135,8;11295,8
"34";"BFX Diable";"Player";"bottom";"Red";0;0;0;0;0;0;0;15;4,06666666666667;1,13333333333333;3,13333333333333;126,066666666667;281,2;5282,2;12726,3333333333
"35";"BFX Kellin";"Player";"support";"Blue";0;0;0;0;0;0;0;15;0,666666666666667;2,86666666666667;5,33333333333333;16,8666666666667;26,2666666666667;3309,86666666667;6506,06666666667
"36";"BFX Kellin";"Player";"support";"Red";0;0;0;0;0;0;0;15;0,733333333333333;2,53333333333333;6,53333333333333;16,1333333333333;27,2;3239,4;6811,4
"37";"BFX Raptor";"Player";"jungle";"Blue";0;0;0;0;0;0;0;15;2,4;2,26666666666667;4,2;101,2;180,333333333333;4775,26666666667;9698,33333333333
"38";"BFX Raptor";"Player";"jungle";"Red";0;0;0;0;0;0;0;15;1,66666666666667;2,33333333333333;5,2;94,3333333333333;173,933333333333;4625,53333333333;9563,13333333333
"39";"BFX VicLa";"Player";"mid";"Blue";0;0;0;0;0;0;0;15;2,06666666666667;2,4;3,2;130,666666666667;243,866666666667;4905,4;10660
"40";"BFX VicLa";"Player";"mid";"Red";0;0;0;0;0;0;0;15;1,86666666666667;1,8;4,86666666666667;129,133333333333;253,133333333333;5054,8;11068,6666666667
"41";"Blitzcrank";"Champion";"support";"Blue";0,226379068449244;1,03519116465881;-1,56325912069436;-7,46338333582305;0,453554907322747;-190,471487134232;336,121230371043;3;0,666666666666667;2;9,33333333333333;14,6666666666667;25,6666666666667;3447;8183
"42";"Blitzcrank";"Champion";"support";"Red";0,350569919613938;0,243928574936254;-7,30224197444836;6,29170120033723;3,93301911208206;513,983109904896;-296,698354419653;1;0;6;5;22;26;3449;5359
"43";"Brand";"Champion";"jungle";"Red";0;0;0;0;0;0;0;1;3;4;11;126;276;5097;13761
"44";"Braum";"Champion";"support";"Blue";-0,196153887178749;-0,175403260864373;2,61035786520389;-2,14375167094022;-6,77732585572474;171,554099769283;343,527697053171;13;0,230769230769231;2,15384615384615;7,92307692307692;18,4615384615385;26;3327,38461538462;6681,61538461538
"45";"Braum";"Champion";"support";"Red";-0,906284783102579;-1,62505898717248;5,08453881370566;-0,262086716898505;2,96991598880798;108,35824260568;829,132656052022;11;0,181818181818182;1,90909090909091;9;18,1818181818182;25,3636363636364;3393,90909090909;6720,90909090909
"46";"BRO Bull";"Player";"bottom";"Blue";-3,33642056650191;-0,858519689591236;2,78461255511172;1,48587696442318;0,481449355138382;-492,796402539835;-1396,59602696767;2;2;3;5,5;123,5;297,5;4850;13021
"47";"BRO Bull";"Player";"bottom";"Red";0,371484093144159;0,771226131877332;-0,534591227526507;-13,1459786103525;-22,486176215137;-461,441864941812;-1083,68455875249;3;2;0,666666666666667;4;133;296,333333333333;5115,33333333333;12603
"48";"BRO Clozer";"Player";"mid";"Blue";1,73654233780194;-0,418995574212994;0,177980368614042;0,204676797903252;15,3620661257102;-163,265993535388;882,439951182108;14;2,5;1,14285714285714;2,78571428571429;135,857142857143;281,5;5133,28571428571;11869,5
"49";"BRO Clozer";"Player";"mid";"Red";0,139936000032524;-0,519254438918598;-2,1911027010376;8,86906822666306;27,5552786042642;453,300988710626;515,098868396645;19;2,05263157894737;1,26315789473684;4,31578947368421;136,578947368421;274,210526315789;5284,57894736842;11576,4210526316
"50";"BRO Croco";"Player";"jungle";"Blue";1,26793710335938;-0,78456420224624;5,19038519326793;6,93651780191965;29,30304160424;239,570967175064;1712,1586665393;2;1;4;5;106;209;4886,5;10087,5
"51";"BRO Croco";"Player";"jungle";"Red";NA;NA;NA;NA;NA;NA;NA;1;10;0;1;117;198;5415;11389
"52";"BRO Ellim";"Player";"jungle";"Blue";0,106829098794699;-1,71272297351192;1,75431951448811;19,2404990270581;23,0464566478356;12,9527166672945;497,237208915576;2;1;2,5;4,5;115,5;212,5;4755;10604
"53";"BRO Ellim";"Player";"jungle";"Red";1,17331503233495;1,87869787219075;-3,88622741393009;-4,56432269498835;6,12226588263734;-166,381979834585;679,092691187273;2;3,5;2,5;3,5;94,5;185,5;4869,5;10599,5
"54";"BRO HamBak";"Player";"jungle";"Blue";1,47036599554868;-0,0913137822741577;1,91153250906297;1,2166516622651;13,2152461999667;55,7664688542036;730,917185163569;10;1,3;2,7;3,7;98,8;184,4;4662,8;9361,9
"55";"BRO HamBak";"Player";"jungle";"Red";-0,00543621330129653;0,644048112087019;0,283053490302813;-0,0952717885034075;16,7689918508225;-51,7567908399921;-43,0817422932359;16;1,3125;2,4375;5,375;104,4375;192,625;4810,75;9744,375
"56";"BRO Hype ";"Player";"bottom";"Blue";0,623623069498351;-0,843854534416816;0,954455557254246;-4,10715924933269;-0,0708476055366847;-242,007236780991;40,8283464355477;12;1,83333333333333;1,08333333333333;3;135,333333333333;294,333333333333;5102,5;11738,5
"57";"BRO Hype ";"Player";"bottom";"Red";-1,04713671275155;0,764738817043627;-1,58809809014335;-1,89101165715432;-8,06152531412476;-5,69694695451569;-1094,74275176242;16;2,9375;1,5;3,4375;130,875;274,4375;5290,125;11715
"58";"BRO Morgan";"Player";"top";"Blue";1,20004651220433;-0,195221697930359;0,165466600647119;9,9492168030852;20,7094371886361;348,409068203188;1278,70678771551;14;1,92857142857143;2,57142857142857;2,42857142857143;118,142857142857;249,642857142857;4739,92857142857;11047,7857142857
"59";"BRO Morgan";"Player";"top";"Red";0,450046478799646;-0,415349671383802;-0,706643155789427;-4,27424128074852;20,7851069930344;40,3299480189187;-83,6246518667634;19;1,89473684210526;1,52631578947368;2,47368421052632;120,526315789474;243,263157894737;4729,42105263158;10615,7368421053
"60";"BRO Pollu";"Player";"support";"Blue";-0,500481334316255;-0,594557303089699;2,70776704395588;0,530928612949545;-0,613583377614977;-73,098145523079;130,475279928597;14;0,285714285714286;2,57142857142857;5,64285714285714;18,2142857142857;28,2142857142857;3278,92857142857;6661,14285714286
"61";"BRO Pollu";"Player";"support";"Red";0,196266394091792;-0,634047040705901;1,77748457682753;-1,23748577274647;0,236250364409463;2,33262460351947;-142,082926584675;19;0,368421052631579;2,68421052631579;6,73684210526316;19,5789473684211;28,5263157894737;3274,36842105263;6535,36842105263
"62";"Caitlyn";"Champion";"bottom";"Blue";0,562922854672642;-1,98623865031886;4,05699181859601;8,35294187929007;35,2061091510507;84,7649649892384;1491,6002302662;6;2;1;1,83333333333333;143,333333333333;271,333333333333;5602;11444
"63";"Caitlyn";"Champion";"bottom";"Red";-0,166054760219629;-0,637574377734662;-4,68368587578415;8,59947632496119;14,113139740336;100,294196635241;-138,539165397996;7;2,28571428571429;1,14285714285714;2,42857142857143;131,857142857143;324,428571428571;5391,14285714286;13743,1428571429
"64";"Camille";"Champion";"support";"Blue";-2,13154443184172;6,6430027921903;-17,3809602245868;-2,11225089733513;13,0821350150405;-1502,08743246666;-1948,66694064996;1;1;7;1;25;46;3285;6268
"65";"Camille";"Champion";"support";"Red";2,86638511755374;-1,79436925443857;1,26953296212974;3,30453918876501;14,3561481078822;857,394360832389;2413,47268198712;1;3;5;11;21;33;3517;8571
"66";"Camille";"Champion";"top";"Blue";-2,04207473527333;1,30879259546901;-0,0211559894527647;2,69965466694562;0,0608410232193409;-334,909265917276;-7,04846655960717;8;2,75;2,375;3,625;104,375;232,5;4331,5;11512,5
"67";"Camille";"Champion";"top";"Red";NA;NA;NA;NA;NA;NA;NA;1;2;2;8;98;197;4170;9947
"68";"Chogath";"Champion";"mid";"Blue";1,02653050390968;0,743288333413756;3,65532426641859;-28,8025716159131;-61,8432527066636;4,14717107307278;-1592,23500136949;1;4;1;6;106;224;5111;11250
"69";"Chogath";"Champion";"support";"Blue";1,31044254036335;4,3022116665029;-13,9548453043028;80,342904347349;139,087398088445;522,517854242263;328,799732374594;1;2;5;0;101;172;4359;7573
"70";"Corki";"Champion";"bottom";"Blue";1,52941157573454;-1,20009405427827;3,89298405674824;-11,2640039732579;-5,36060873988443;-302,437095269298;549,409978854883;7;2,42857142857143;2;3;129,571428571429;266,857142857143;5022,85714285714;10921,8571428571
"71";"Corki";"Champion";"bottom";"Red";0,0736274707409016;-0,509293866067288;-2,03130239147423;3,60895891218442;14,9975721437038;-211,223381289032;-81,7850751421007;10;2,7;1,3;2,9;133,2;272,6;5300,2;11589,2
"72";"Corki";"Champion";"mid";"Blue";0,237226443955696;1,89912317653125;-2,15999279296023;12,2672375309117;2,87719838152969;276,959413866705;-447,257503342338;9;2,11111111111111;2;2,33333333333333;141,888888888889;245;5330,88888888889;10062,5555555556
"73";"Corki";"Champion";"mid";"Red";-1,57788130516023;1,0648524375136;-1,64203008708377;2,10045287757248;15,2616180988734;-140,207871108952;-390,917715989081;10;2,4;1,9;3,7;137,6;275,8;5304,6;11920,5
"74";"Diana";"Champion";"jungle";"Blue";0;0;0;0;0;0;0;1;3;5;8;112;199;5007;11993
"75";"Diana";"Champion";"top";"Blue";-1,6587889743066;1,79437213565352;-1,82671612897403;-24,4759656416207;-47,9829263873153;-1204,10611129294;-3006,45023632105;1;0;2;0;106;206;4241;7568
"76";"DK Aiming";"Player";"bottom";"Blue";0,659238616530494;-1,43225344837903;1,42778166568004;7,03237938342104;18,1648976352099;205,876202147662;1196,46145557735;24;2,75;1,125;3,91666666666667;132,416666666667;276,916666666667;5203,25;12003,5833333333
"77";"DK Aiming";"Player";"bottom";"Red";1,17292401212283;-0,258169178806056;1,30471171507393;4,61783392091281;-7,93644584880869;202,876377740193;184,458334445451;20;3,7;0,8;4,3;132,6;261,15;5224,6;11833,05
"78";"DK BeryL";"Player";"support";"Blue";0,52317961035928;0,435272151778175;2,89163043425692;3,61985581573674;5,19396754918854;205,181942185663;763,045171837991;24;0,916666666666667;3,70833333333333;5,29166666666667;24,7083333333333;40,375;3421,79166666667;6943,66666666667
"79";"DK BeryL";"Player";"support";"Red";0,611480257433931;-2,57525329657816;5,74280208773703;3,72104012122802;10,1780743820624;173,790050120224;802,155374900392;20;0,7;1,8;7,35;23,6;35,95;3302,7;6692,1
"80";"DK Lucid";"Player";"jungle";"Blue";2,25527215645451;-1,85290787690226;3,77645001410537;14,4303014176977;36,8531656628224;570,94263934683;1766,53757672522;24;2,375;1,91666666666667;4,95833333333333;100,458333333333;184,625;4845,75;9870
"81";"DK Lucid";"Player";"jungle";"Red";1,6045323255398;-1,00017020333399;2,44816397423096;4,08264634186563;29,2067643779736;106,045997309882;1071,02532317311;20;2,4;1,1;6,25;106,35;191,3;4942,5;9918,1
"82";"DK ShowMaker";"Player";"mid";"Blue";2,47300592709487;-0,669802775378721;1,79074887574943;1,95227202162267;9,28499239199506;157,766060255795;1121,84912504802;24;2,08333333333333;1,83333333333333;4,54166666666667;128,541666666667;249,208333333333;5052,625;10997,5833333333
"83";"DK ShowMaker";"Player";"mid";"Red";1,26836173006729;-0,610096793475207;2,07581822065673;-2,32546264624568;4,93793232400682;-14,2026766125512;1156,79613617745;20;2,85;1,45;4,65;132,25;234,25;5096,8;10754,05
"84";"DK Siwoo";"Player";"top";"Blue";1,3461788695619;-1,94670036847555;0,647925702812566;6,44752055897594;16,6398926155862;628,213675679896;1331,34223638621;24;1,58333333333333;1,95833333333333;3;112,666666666667;231,375;4633,79166666667;10334,2916666667
"85";"DK Siwoo";"Player";"top";"Red";0,8516717945317;-0,465905378497981;2,00249988125509;-3,79448817021228;16,9946044944775;-129,649950774594;508,724470199592;20;1,7;1,55;4,4;113,7;224,85;4617,4;10192,75
"86";"DNF Berserker";"Player";"bottom";"Blue";-0,437972349288068;-0,863414116289797;-0,423954815551476;11,7316381500018;9,66086215022301;275,097535938018;290,783206453961;11;1,81818181818182;1,18181818181818;2,27272727272727;139,727272727273;262;5461,63636363636;10825,2727272727
"87";"DNF Berserker";"Player";"bottom";"Red";-1,10643457368958;0,742735646860599;0,646143384706904;0,249118460401113;-19,6801226022523;-10,4655291427265;-1497,10527630886;21;2,61904761904762;1,28571428571429;3,23809523809524;134,190476190476;295,047619047619;5187,42857142857;12548,1904761905
"88";"DNF BuLLDoG";"Player";"mid";"Blue";-0,0420372075953534;0,661122323510407;-3,15952981637708;2,92665404404077;-24,407304500314;136,306470079569;-720,516041122384;6;1,83333333333333;2,5;2;129,5;237,666666666667;5146,66666666667;10536
"89";"DNF BuLLDoG";"Player";"mid";"Red";-0,135540005022832;0,567005267251007;-1,76032357496886;-4,56218834973467;-3,66053329070892;-158,131057082633;-659,843003280197;15;1,4;1,86666666666667;4,66666666666667;133,533333333333;269,4;5061,6;11518,1333333333
"90";"DNF DDoiV";"Player";"jungle";"Blue";-9,80848299175254;5,43698472308796;-2,43210684806924;-2,99303619029621;-43,6585198832546;-780,91376772554;-3968,36047125445;1;1;4;2;115;170;4788;7828
"91";"DNF DDoiV";"Player";"jungle";"Red";NA;NA;NA;NA;NA;NA;NA;2;4,5;2,5;2,5;101,5;197;5648;10622
"92";"DNF DuDu";"Player";"top";"Blue";0,0965248445498578;-0,293039312553224;-1,1638486423428;9,55392718314703;24,8709888703696;741,037802074724;622,470307798564;11;0,727272727272727;2,54545454545455;2;120,909090909091;230,090909090909;4757,09090909091;9270
"93";"DNF DuDu";"Player";"top";"Red";0,571515195711491;0,235046911947929;-0,229199219853064;-12,8670116124664;-3,46129371502417;-360,33685719591;-352,657622632672;21;2,0952380952381;1,85714285714286;3,28571428571429;117,47619047619;251,285714285714;4815;11438,1428571429
"94";"DNF Life";"Player";"support";"Blue";0,848749105073519;1,18962563815649;-2,37074850216125;3,23277526822006;3,37535896859058;206,890406954437;132,796531403723;11;0,545454545454545;2,72727272727273;3,90909090909091;20,7272727272727;29,2727272727273;3430,45454545455;6086,81818181818
"95";"DNF Life";"Player";"support";"Red";0,0338112226630811;-1,06949222018938;1,96126612478651;-0,448860123860971;3,64613504863612;-19,5947527908584;44,7092388694659;21;0,380952380952381;2,9047619047619;5,42857142857143;19,4285714285714;32,4285714285714;3215,57142857143;7054,47619047619
"96";"DNF Pungyeon";"Player";"mid";"Blue";0,872809552831006;1,45133259293359;-2,690982775271;-4,19133119016843;-3,03944067243672;-221,530080389094;-353,263322347689;5;0,6;2,8;2;134,2;240,6;4864,2;9076
"97";"DNF Pungyeon";"Player";"mid";"Red";-1,90082661383073;2,46763275663335;-4,45887050102708;-2,05060850505163;11,995766674602;-400,882960462337;-732,682159646202;6;1,33333333333333;3;2,66666666666667;133,333333333333;265,666666666667;5003,16666666667;11042,1666666667
"98";"DNF Pyosik";"Player";"jungle";"Blue";1,13956234545603;-0,889081265278536;1,83310000896434;11,2556153807055;26,8113025919428;211,909666220745;1051,55360403227;10;1,1;1,7;3,6;102,9;174,1;4744,5;8744,7
"99";"DNF Pyosik";"Player";"jungle";"Red";-0,831623950764737;0,649148483165279;-2,19784178735936;-2,10013637560039;13,9518395354416;-482,099256580339;-471,107426918015;19;2,05263157894737;2,15789473684211;4;102,578947368421;204,315789473684;4767,26315789474;10507,3684210526
"100";"Draven";"Champion";"bottom";"Blue";4,58755988135227;-0,376353923818895;1,87856353301579;-22,8852181271853;-0,982168632560832;-196,21459373165;2335,46803170916;2;2,5;2,5;2;127,5;255;5442;11123,5
"101";"DRX Andil";"Player";"support";"Blue";-0,191185583164781;0,842201253138318;-1,21868553027281;4,1643165617752;5,9676465157869;-54,095666239559;-121,809260581952;11;0,363636363636364;2,81818181818182;6,81818181818182;21,9090909090909;31,8181818181818;3197,36363636364;6805,81818181818
"102";"DRX Andil";"Player";"support";"Red";0,4623792992788;-1,11463353637742;-0,343573928862238;1,9164540935432;3,98113079494169;-4,86901810773719;-190,346096471833;14;0,571428571428571;3;5,07142857142857;18,7857142857143;28,0714285714286;3251,14285714286;6505
"103";"DRX LazyFeel";"Player";"bottom";"Blue";-2,79675303242437;-0,535200563467577;0,715358485582507;-6,21444690460149;3,49962169386105;-782,185494134685;-1107,06852701744;8;2,625;2,25;4,125;126,375;287,5;5004,125;12437,75
"104";"DRX LazyFeel";"Player";"bottom";"Red";0,227503123126388;0,268045550895334;2,09222006104027;-6,49892273151433;-13,1057294278857;-44,2198799162431;-305,648899494017;7;2,71428571428571;1;4,28571428571429;122,571428571429;268,714285714286;4970,28571428571;11839,7142857143
"105";"DRX Pleata";"Player";"support";"Blue";0,188881808583043;0,973880768951316;2,51763678953304;3,71167529036789;2,98200452220674;-16,9052242261223;-81,1436129747255;3;0,333333333333333;3,66666666666667;3,66666666666667;19;30,6666666666667;3328,66666666667;6243
"106";"DRX Pleata";"Player";"support";"Red";1,42044698597471;-0,569563615378315;-0,237791681612478;-0,431159156185176;-2,00304367538712;179,621985850602;31,6674858624373;5;0,4;2,6;7;17,8;26,2;3317,4;6196,2
"107";"DRX Rich";"Player";"top";"Blue";0,988385714234279;-0,847063991827304;-0,311284654194447;6,45870251370106;-3,72248850012177;247,031406946916;306,901545337824;14;2,14285714285714;2,07142857142857;2,78571428571429;117,428571428571;230,428571428571;4703,28571428571;10798,7857142857
"108";"DRX Rich";"Player";"top";"Red";0,757561283635671;0,464360403855895;-0,943343625563658;-11,5827499978007;-4,69526117834218;-178,070889973355;-269,543739541527;19;1,84210526315789;2,10526315789474;2,68421052631579;112,421052631579;225,894736842105;4619,36842105263;10127,8947368421
"109";"DRX Sponge";"Player";"jungle";"Blue";0,837370218695483;-0,0277685117172913;1,21376194317612;5,15592713506543;18,4423460765709;92,9780486625373;521,517713710186;14;1,85714285714286;3,14285714285714;5;100,928571428571;196,5;4798,35714285714;10116,7142857143
"110";"DRX Sponge";"Player";"jungle";"Red";-0,106594790048146;0,85365788571285;-0,781060277111681;1,71301983737316;20,02798168879;-99,9657130036126;250,135640510035;19;2,26315789473684;2,36842105263158;4,52631578947368;101,736842105263;187,315789473684;4903,47368421053;9809,78947368421
"111";"DRX Teddy";"Player";"bottom";"Blue";-2,40494629507082;-0,784807738753948;2,20184668918193;1,95971055244201;-10,1297753818197;171,843761804057;-1083,08331104347;6;1;1,66666666666667;3,5;126,333333333333;274;4886,33333333333;11029,8333333333
"112";"DRX Teddy";"Player";"bottom";"Red";-1,83146278347911;1,1438421455042;-0,886105533417346;0,0200491723849011;-24,00736482714;-91,7749309378188;-1670,07865171465;12;2,33333333333333;1,75;3,33333333333333;123,416666666667;257;5041,5;10909,8333333333
"113";"DRX Ucal";"Player";"mid";"Blue";1,40673923113035;-1,20186976667656;0,87233319078729;0,0527659988720389;22,0182038541944;134,611254356338;1060,95859041233;14;3,07142857142857;1,57142857142857;4;135,071428571429;282,642857142857;5294,71428571429;12483,2857142857
"114";"DRX Ucal";"Player";"mid";"Red";1,09130611309685;-0,466254495468994;-1,11621951327779;2,66380745687751;6,91875296049815;366,137572211191;985,560578009936;19;2,42105263157895;1,63157894736842;4;133,789473684211;259,578947368421;5127,73684210526;11323,3684210526
"115";"Elise";"Champion";"support";"Blue";0,594586351477361;2,04939918499932;-5,09367121440451;-4,39742383477336;1,10232103807004;369,114706918987;93,9815278009007;9;1,11111111111111;4,33333333333333;3,66666666666667;18,1111111111111;32,7777777777778;3785,55555555556;7077,33333333333
"116";"Elise";"Champion";"support";"Red";0,678353016981641;-0,926555091018751;0,878298423801163;-1,29025189403935;4,04795667506159;484,163884367311;1353,2466871883;15;1,4;2,66666666666667;6,06666666666667;18,8666666666667;33,6;3708,46666666667;7697
"117";"Ezreal";"Champion";"bottom";"Blue";2,25182731175892;-1,77879135177162;4,69299771374228;-9,51089537527882;-12,2541157569274;-379,990534319953;784,034782660714;31;2,38709677419355;1,12903225806452;3,45161290322581;130,258064516129;276,741935483871;5068,29032258064;11826,6451612903
"118";"Ezreal";"Champion";"bottom";"Red";1,00856454250983;-0,763677060197383;-3,20876872456256;-0,087047098701644;-4,77994433430134;-62,5385390630314;-108,51702449789;18;2,55555555555556;1,11111111111111;2,55555555555556;129,333333333333;269,611111111111;5145,27777777778;11443,3333333333
"119";"Fiora";"Champion";"top";"Blue";0,387725563713777;-0,226275560019322;-0,541181410318357;-4,31330125924157;22,6264217636259;395,347285336153;2000,34103921478;3;3,66666666666667;2;1,66666666666667;113,666666666667;254;5228,33333333333;12316
"120";"Galio";"Champion";"mid";"Blue";-0,873986696124455;2,01478908134482;-2,23923422108616;-5,37993036711467;-28,6325095198549;-206,226254200166;-1471,52832275716;11;1,63636363636364;2,63636363636364;5,63636363636364;128;236,090909090909;5102,54545454545;10573,2727272727
"121";"Galio";"Champion";"mid";"Red";-2,23274172572183;0,38881276069562;-0,0994019975042914;-2,41527171817787;-5,55434126935367;-214,267593309738;-681,551637702351;8;2,625;1,5;5,25;134,75;241,625;5303,5;11078,125
"122";"Galio";"Champion";"top";"Blue";-1,64555829949399;1,0225667356853;-0,129935143135165;18,5912390101077;29,9759554291562;604,05120195817;1568,1235884018;1;0;1;2;140;294;5019;12209
"123";"Galio";"Champion";"top";"Red";-0,410903032961509;-1,40415532460299;2,93789026870615;3,48332601927601;-1,26161801035743;-248,780999582115;-235,73708620968;3;0,333333333333333;1,33333333333333;4,33333333333333;121,333333333333;199;4690,33333333333;8253,33333333333
"124";"Gangplank";"Champion";"top";"Blue";-0,550109796292567;0,54953752313573;-0,962105466708381;8,89013764421994;15,1813627828429;339,070789225732;1380,41015763348;3;2;1;5;108,333333333333;225,666666666667;4665;11342
"125";"GEN Canyon";"Player";"jungle";"Blue";3,293217581365;-2,3547821303928;4,35133934827249;13,3396885045734;56,358506859781;421,176198926107;3039,70012699659;20;2,4;1,6;5,15;107,25;201,25;4881,15;10316,5
"126";"GEN Canyon";"Player";"jungle";"Red";-0,111240762377749;-1,19033293339615;4,33826193602801;11,2396281982652;49,208851380917;78,1081234208533;1431,36735726653;13;2,15384615384615;1,61538461538462;8;110,769230769231;208,923076923077;4968,46153846154;10695,5384615385
"127";"GEN Chovy";"Player";"mid";"Blue";3,04595765331017;-1,71258247920365;3,40735738682759;11,3382570393952;36,0694928319529;497,041513671394;2518,01392678783;20;2,7;1,45;4,65;138,35;270,1;5340,05;11847,15
"128";"GEN Chovy";"Player";"mid";"Red";1,92990819756623;-0,320939855482948;1,22273959058906;8,89997733696283;25,0311931330418;619,301373431181;1694,6964387084;13;2,76923076923077;1,53846153846154;5,69230769230769;139,307692307692;265,769230769231;5492,92307692308;11969,3846153846
"129";"GEN Duro";"Player";"support";"Blue";0,166970565632007;-0,632759692755202;4,05314325270427;1,1577604872688;0,147734847124327;72,4031634818414;554,100966432773;20;0,55;2,3;6,85;14,6;22;3379,4;6650,45
"130";"GEN Duro";"Player";"support";"Red";0,845942908866255;-2,18948884524115;6,56507976178724;-0,167268220513142;-3,51593215270319;230,813196489525;1103,87947387046;13;0,615384615384615;2,15384615384615;10;15,9230769230769;24,1538461538462;3391,07692307692;7126,84615384615
"131";"GEN Kiin";"Player";"top";"Blue";2,09555863141706;-2,1987099701474;4,29994044189163;12,8539798640792;22,1980767750309;751,33774600622;2294,8648143698;20;2,25;2,65;4,2;112,75;219,75;4773,5;10483,4
"132";"GEN Kiin";"Player";"top";"Red";1,14033232346922;-0,47404591452427;1,41010267024168;-6,92247828240035;5,4903586780289;-262,896415118978;168,290734528984;13;3,15384615384615;1,61538461538462;4,23076923076923;117;229,461538461538;4904,53846153846;11042,3076923077
"133";"GEN Ruler";"Player";"bottom";"Blue";1,6607323001416;-1,97487105501174;3,33002678436649;5,13341616859456;24,4312400170985;254,859556238475;2134,92906283714;20;3,2;1,4;4,35;133,55;291,2;5456,1;12659,9
"134";"GEN Ruler";"Player";"bottom";"Red";3,06613210534929;-0,143131574035191;0,877445582460483;10,3030618803802;-1,28604580294211;656,008856667058;1256,57526063306;13;4,46153846153846;1,53846153846154;4,53846153846154;132,461538461538;268,538461538462;5537,23076923077;12626
"135";"Gnar";"Champion";"top";"Blue";-2,37190961664405;3,16955811334344;0,214955114289873;-3,04398161304792;-25,4835113764376;-148,723832259974;-904,708084358004;11;1,09090909090909;3,36363636363636;3,36363636363636;117,181818181818;220,090909090909;4831;9718
"136";"Gnar";"Champion";"top";"Red";1,61529355714951;-0,0678522538509353;0,0234987475371153;4,95087577076345;8,22845784785375;286,991308822901;1108,77135595252;7;2,57142857142857;2,57142857142857;3,42857142857143;109,857142857143;216,571428571429;4919,14285714286;10533,4285714286
"137";"Gragas";"Champion";"support";"Red";0,442808782137742;-0,435491706833319;-0,0277544290060984;-1,40651688200011;-0,867990236145509;572,205328352155;799,539088488203;3;0,333333333333333;1,66666666666667;5;22,6666666666667;35;3454,33333333333;6376
"138";"Gragas";"Champion";"top";"Blue";-2,16466149775932;0,86176469318815;2,30643963569445;2,98203097449217;-9,65640004952841;-162,590996363976;-400,095801541591;3;1;1,33333333333333;5;105;237;4098;10946
"139";"Gragas";"Champion";"top";"Red";-0,420499380539671;0,199578163925906;1,15253216496587;5,95372886656216;-1,7453284804147;-13,5688458673823;-1352,4108716318;3;1;1,33333333333333;3,66666666666667;102,333333333333;237;4636,66666666667;10688,3333333333
"140";"Gwen";"Champion";"top";"Blue";-1,51963469027349;1,76474689001869;1,63785128367821;0,72491153028567;10,7818644730309;-597,293124310501;-170,018047690322;5;2,6;2,4;2,4;118,2;243,6;4841,6;10642
"141";"Gwen";"Champion";"top";"Red";2,00565995700836;-1,28158827290755;0,120979357099715;-2,48568571708792;10,6990643355971;97,3409601092052;831,234584562371;18;2,77777777777778;2;3,66666666666667;119;245,833333333333;4955,22222222222;11412
"142";"HLE Delight";"Player";"support";"Blue";0,292226942277385;-0,261293209238919;1,7972627571385;7,98193865070865;9,52753760776521;257,972804200407;656,659305049862;23;0,739130434782609;2,8695652173913;7,08695652173913;23,6086956521739;36,8695652173913;3489,34782608696;7232,60869565217
"143";"HLE Delight";"Player";"support";"Red";0,415791503914207;-2,45386967203438;4,29582679468685;4,89566681812655;10,5285176897898;228,585129311172;715,636738957787;18;0,888888888888889;2,05555555555556;6,66666666666667;24,5;37,6111111111111;3445,22222222222;6932,88888888889
"144";"HLE Peanut";"Player";"jungle";"Blue";1,39325577047556;-1,47929546626073;3,4505640066001;13,9585506824366;41,136182485626;461,022258928877;1836,51054308779;23;2;2,60869565217391;6,17391304347826;102,434782608696;196,739130434783;4885,86956521739;10327,0434782609
"145";"HLE Peanut";"Player";"jungle";"Red";1,50315991216243;-0,0538728930250034;0,422411578346952;0,649190179848765;47,1151588996197;-108,572713786518;1472,10704860677;18;2;1,83333333333333;5,27777777777778;97,6666666666667;183,222222222222;4727,44444444444;9605,66666666667
"146";"HLE Viper";"Player";"bottom";"Blue";-0,310016760155898;-1,05122658165425;0,938407338318373;0,880952868637691;13,8781202215194;-85,4028180036976;441,36049375765;23;3,08695652173913;1,91304347826087;4,08695652173913;128,478260869565;279,782608695652;5202,4347826087;12258,3913043478
"147";"HLE Viper";"Player";"bottom";"Red";0,233262846171313;-0,21402288327197;2,70571361643224;4,67109606734089;-2,19569140882917;354,957967669722;10,9687129323394;18;3,33333333333333;1,05555555555556;4,11111111111111;131,611111111111;272,111111111111;5425,22222222222;11888,7777777778
"148";"HLE Zeka";"Player";"mid";"Blue";1,93618009735419;-0,943486787154234;2,84686496901367;7,92213133788008;8,12821295275196;497,47496782026;1266,8661156561;23;2,65217391304348;2,47826086956522;4,17391304347826;131,695652173913;256,608695652174;5336,08695652174;11435,7391304348
"149";"HLE Zeka";"Player";"mid";"Red";2,56692836710124;-1,23422779372342;-0,219126686605534;3,12306214663442;3,5585570532612;257,592461047687;1063,20800063189;18;2,72222222222222;1,38888888888889;3,72222222222222;132,722222222222;250,388888888889;5148,88888888889;10956,9444444444
"150";"HLE Zeus";"Player";"top";"Blue";1,71682711900327;-1,58385430915014;0,875587416891936;18,3526020838447;19,3211968566403;797,872633523247;1700,90474040849;23;2,95652173913043;2,34782608695652;3,43478260869565;119,086956521739;245,826086956522;5034,47826086957;11759,1739130435
"151";"HLE Zeus";"Player";"top";"Red";0,977278815012871;0,399534794231567;0,584505566346547;-5,56788426687433;9,60815742036842;33,6990661892616;426,64830613134;18;2,05555555555556;2,38888888888889;3,88888888888889;116,5;229,722222222222;4977,88888888889;10720,8888888889
"152";"Hwei";"Champion";"mid";"Blue";-1,21227244305431;0,933219597226258;-4,7716672533601;1,69516298622883;1,95486516233843;-449,477230307136;-1578,44780026676;5;2;1,6;2;132;256;5009,4;10447,4
"153";"Hwei";"Champion";"mid";"Red";0,134543524951624;-0,369229820501307;-1,43750982627541;8,98166262289628;-23,6990349975494;302,620505178119;-2223,64445058858;2;2;1;3;126;258,5;5113,5;10857,5
"154";"Irelia";"Champion";"top";"Blue";0,0600223196745663;3,99843149007684;2,89738230087596;27,908566909592;25,1414981697797;346,045325308802;1565,68027529699;1;3;4;3;100;235;4683;10961
"155";"Ivern";"Champion";"jungle";"Blue";-1,97180594556042;-1,27439869696706;0,612272296934012;-22,6569267553042;-57,8901081794537;-167,802921609773;-1964,29459518365;2;0;0,5;9;97;152,5;4956,5;8781
"156";"Ivern";"Champion";"jungle";"Red";-4,28197965595007;3,58819633398786;-4,96888879425937;-40,2276029749452;-77,8810694133301;-1249,13895377945;-2761,97801090372;1;1;2;3;89;155;4574;8319
"157";"JarvanIV";"Champion";"jungle";"Blue";0,556495547760724;-3,96117292955241;-0,643541743471264;-14,2464835155658;-23,6977354161913;-136,200021584688;-1380,85407112468;1;0;0;4;93;154;4301;7475
"158";"Jax";"Champion";"jungle";"Red";-1,58125854100155;3,3267239811297;-11,8123659157355;-19,7305524668575;-11,1843670926365;-853,296247415441;-1136,64469414205;1;1;1;4;120;222;5478;10281
"159";"Jax";"Champion";"top";"Blue";-0,159615794795705;1,3617817826864;0,752997043569636;-2,18527485834562;-19,0712042443512;-181,679909873801;44,8083706859863;9;2,55555555555556;1,55555555555556;3,11111111111111;96,6666666666667;230,777777777778;4423,66666666667;11541,1111111111
"160";"Jax";"Champion";"top";"Red";1,51922643552229;0,0314933038644372;-1,4061684027847;-6,01044567522574;12,6586912680682;-77,0382505269413;833,08617415776;12;1,58333333333333;2,25;2,75;107,583333333333;236,583333333333;4561,75;11001,9166666667
"161";"Jayce";"Champion";"mid";"Blue";-2,11165842517506;2,33978172033931;-4,32070167553483;8,00592034175799;19,6590012642374;-330,206215862134;-426,818883504152;2;2;2;4,5;143;274,5;5397,5;11729
"162";"Jayce";"Champion";"mid";"Red";-1,06777275511728;0,0418113210920998;-1,41877763372838;6,79890941922377;2,6571298351379;206,719741882446;-244,232033361292;2;2,5;0,5;3;136;229,5;5208,5;10006,5
"163";"Jayce";"Champion";"top";"Blue";-0,938922495506639;1,43977402438065;-0,252770263385779;16,3673555821796;6,73688089779276;507,79825607964;437,689369315196;19;1,68421052631579;2,73684210526316;3,73684210526316;123,368421052632;250,789473684211;5015;11281,4210526316
"164";"Jayce";"Champion";"top";"Red";0,934762779328723;-1,38198384880875;2,94537424329705;6,33762306519041;33,8015826875629;80,374261468846;1360,33994273844;32;2,53125;1,9375;4,09375;121,21875;249,78125;5010,5;11680,65625
"165";"Jhin";"Champion";"bottom";"Blue";2,73204100627908;-2,07052626872509;7,72358233409096;-11,0927990429221;-15,2670416916769;-430,177456658578;731,286428733795;10;2,6;1,4;5,3;131,4;261,3;5105,3;11060,8
"166";"Jhin";"Champion";"bottom";"Red";-2,41237629954484;-0,423758806062205;-1,09936163855375;2,71713851834829;-0,960587185250506;-236,874218657627;-1169,45725212046;12;2,83333333333333;1,5;6,08333333333333;126;281,916666666667;5004,83333333333;12350,1666666667
"167";"Jinx";"Champion";"bottom";"Blue";3,16754619276689;-2,17476105615122;5,44672495132319;-11,8231256540889;0,278582206363931;30,2665609793244;1797,86787936527;5;3;1,2;3,2;136,6;307,8;5838,6;13266,2
"168";"Jinx";"Champion";"bottom";"Red";0,172250891884771;0,0979092962986989;0,095340400047407;-9,36821344648635;-7,72397304163156;-246,001633752445;-150,813454530077;6;1,66666666666667;1,66666666666667;4,16666666666667;125;277,833333333333;5069;11548,3333333333
"169";"Kaisa";"Champion";"bottom";"Blue";3,5405164932346;-2,00007060772942;4,26119109137374;-25,1968032169769;-14,0935671906184;-860,386198661053;1192,44429170823;16;3,125;2,0625;3,5;120,6875;281,5625;4914,3125;12570,875
"170";"Kaisa";"Champion";"bottom";"Red";1,54618413629992;-0,406027882924766;-3,88387723607987;-4,05415068891344;-6,35633466007313;15,8123994048219;68,723076548829;22;4,04545454545455;1,31818181818182;3,36363636363636;129,090909090909;265,454545454545;5325,63636363636;12159,4545454545
"171";"Kalista";"Champion";"bottom";"Blue";3,29331620229012;-1,06878441265039;1,85769255175841;-9,66690583144811;-3,70018890486351;-440,366036318078;1019,16810869032;8;2,5;2,375;2,875;128,5;255;4982,25;11153,625
"172";"Kalista";"Champion";"bottom";"Red";0,0186292801290868;0,0784090353286529;-2,56505188161508;-1,07487174972635;-5,44617803667164;-144,891195098278;-559,441850371131;12;3,91666666666667;1,75;3,5;125,666666666667;294,166666666667;5224,41666666667;13294,1666666667
"173";"Karma";"Champion";"support";"Blue";-0,805037264596659;-0,603663212335234;-0,19357709886765;0,342769118598899;3,98151818559388;343,2789876713;236,924110907991;6;0,333333333333333;2,16666666666667;7;23;34,6666666666667;3633,5;7816,83333333333
"174";"Karma";"Champion";"support";"Red";2,3521822770434;-0,0515845595170366;1,91582868730593;-1,39940527299436;-9,48565165950531;286,187047129255;427,454523097118;1;2;3;15;22;33;3498;8189
"175";"Karthus";"Champion";"jungle";"Red";5,41618314486983;0,363294003504215;0,15891662169584;-15,4125995886361;20,8810149269649;77,8325586242684;3665,17396927404;2;4;3;13;113,5;242;5317,5;12766
"176";"Kennen";"Champion";"top";"Blue";1,4516798883017;1,2667079334913;-1,95291097692326;18,7099346333313;9,31369947233433;820,815789167325;1592,80896111026;1;3;3;3;133;273;5326;12226
"177";"Kennen";"Champion";"top";"Red";6,46365393062506;-9,55628444896852;4,05830313790331;21,706191051333;61,0728357576049;989,755388134536;4256,98226313945;1;5;0;6;131;187;5400;11102
"178";"Kindred";"Champion";"jungle";"Red";3,69873366456438;0,640268978250151;-3,45738963121669;-15,1224110222098;16,2767805979112;-13,2021459149152;3748,61162344996;1;2;1;8;100;229;4797;12125
"179";"KogMaw";"Champion";"bottom";"Blue";1,85523894635335;-1,09451514711552;9,12173188187554;-21,3647413294043;-78,2876830882601;-332,310532423924;-2001,29226161861;1;2;0;4;140;308;5253;12635
"180";"KSante";"Champion";"top";"Blue";-1,34280954553943;1,23973093489189;-0,0238474618613769;5,99699034617118;-11,5280105759712;-158,972588683164;-721,474839227459;14;1,21428571428571;1,92857142857143;2,92857142857143;116,785714285714;220,285714285714;4575,14285714286;9670,92857142857
"181";"KSante";"Champion";"top";"Red";1,08711790757567;-0,68449823814913;1,7387112031409;-0,144886579310736;-5,43219253364589;158,130392443266;146,145401650934;13;1,76923076923077;1,61538461538462;3,76923076923077;121,307692307692;223,769230769231;4887,84615384615;10180,7692307692
"182";"KT Bdd";"Player";"mid";"Blue";2,10668181820645;-0,930592893384807;2,47946357591661;4,24766901560858;15,1247184281295;259,956858924162;1186,21385409434;12;2,16666666666667;2;2,91666666666667;130,666666666667;255,083333333333;5185,25;10892,9166666667
"183";"KT Bdd";"Player";"mid";"Red";1,41866878938412;-0,202060181985571;-1,37389775832072;2,43625303269338;21,6377583628844;151,819426457588;1183,87975208374;18;3,22222222222222;1,5;3,5;129;258,5;5093,05555555556;11475,0555555556
"184";"KT Casting";"Player";"top";"Blue";-0,828207109413293;-0,443472821620202;2,39002882490798;8,9798503251184;-8,79944079462504;325,142774448046;-290,105497640993;5;1,6;1,6;2,8;115,4;202;4617,2;9412
"185";"KT Casting";"Player";"top";"Red";0,748430028619443;1,11096096659239;-1,51649330169335;-16,5808577748887;3,46479795815324;-272,759881581104;-492,725065405429;9;1,88888888888889;2,44444444444444;3;106;224,777777777778;4722;10381,6666666667
"186";"KT Cuzz";"Player";"jungle";"Blue";0,892195182244696;-0,495352254250385;0,00465470989274048;6,70409302858028;25,7089719566455;-14,8629995133586;617,001850949704;12;1,83333333333333;1,91666666666667;3,41666666666667;106,333333333333;194,666666666667;4802,25;9429,41666666667
"187";"KT Cuzz";"Player";"jungle";"Red";0,448134567959121;0,350955178907632;-0,0560751918210339;-0,36520337971593;9,46132132662907;-219,878309241121;-179,85575636875;18;2,5;1,94444444444444;5,38888888888889;103,055555555556;197,833333333333;4963,33333333333;10205,6666666667
"188";"KT deokdam";"Player";"bottom";"Blue";0,501364923115122;-0,127414508820075;-0,0610904524862505;-15,1256287460332;-11,2590431302046;-585,028513380236;125,14319672349;9;2;2;3,22222222222222;124,555555555556;249,777777777778;4961,22222222222;10548,1111111111
"189";"KT deokdam";"Player";"bottom";"Red";-0,667602245084156;1,06447401141078;-0,232809967266222;5,60002671969973;-7,71113965558639;16,3019123464859;-1313,11832160156;14;1,85714285714286;1,92857142857143;4,07142857142857;118,857142857143;260,428571428571;4903,5;11175,7142857143
"190";"KT Paduck";"Player";"bottom";"Blue";0,902615137507321;-0,578090597864101;-0,460573413771046;-21,7181303826986;-21,9413131341891;-655,481545714919;-522,771839221434;3;0,333333333333333;2;1,66666666666667;122;248;4629,66666666667;9779,66666666667
"191";"KT Paduck";"Player";"bottom";"Red";-1,68925744268132;0,635286689179738;0,749010297809924;4,43327382588961;-9,05768104791708;63,9529473237484;-1398,44264606815;4;2;2,5;4,75;117,5;247,75;5113,75;10795,25
"192";"KT PerfecT";"Player";"top";"Blue";0,0974073971707269;-1,68699324137056;1,15734374233402;7,99733175040235;8,54466364507231;336,181881029487;668,37545839843;7;1,28571428571429;1,42857142857143;3,57142857142857;119,714285714286;226;4678,71428571429;9753
"193";"KT PerfecT";"Player";"top";"Red";-1,27621361347331;0,892379219127711;-2,16065329727357;-7,03940691434076;-35,0514547247887;-409,908152774224;-2244,26032219719;9;1,11111111111111;2,33333333333333;3;111,555555555556;221,333333333333;4629,77777777778;10132,2222222222
"194";"KT Peter";"Player";"support";"Blue";0,0115613833036105;1,46147381604151;0,157515471460041;4,04395946753754;2,16113934188248;147,193436424169;212,934973540691;7;0,285714285714286;3;5,71428571428571;20,7142857142857;29,5714285714286;3312;6392,85714285714
"195";"KT Peter";"Player";"support";"Red";-0,130878364515127;-2,87558656204256;3,81131549192574;-0,650952896480752;0,406881387138677;48,6224592515672;-140,097537993894;11;0,545454545454545;1,90909090909091;7,63636363636364;19,4545454545455;33,5454545454545;3456,54545454545;7197,90909090909
"196";"KT Way";"Player";"support";"Blue";0,465822280581182;0,0929506052560312;2,08923236917059;1,22748562969474;-1,68070754673035;90,3630929929462;471,63492191713;5;0,8;2,4;6,4;17,8;25,4;3451;6331,8
"197";"KT Way";"Player";"support";"Red";0,284013041274016;-0,331543075914803;-1,83881322203453;-3,16530429380077;0,858839123966818;-14,4118933504136;-490,568579342284;7;0,571428571428571;3,42857142857143;4;17,2857142857143;26,1428571428571;3244,14285714286;6096,57142857143
"198";"Leblanc";"Champion";"mid";"Blue";-3,50473979444447;0,182067994433543;-4,50071395887916;16,899571202832;18,5484958039171;-382,934571740051;-565,016117602398;1;1;0;4;139;314;4914;14123
"199";"Leblanc";"Champion";"mid";"Red";3,35598710530423;0,837218384891311;-1,0559697665013;2,01914622332255;-9,35387641277895;210,683309246637;-14,6162314502848;2;4;1;6;137;260;5387;11493
"200";"Leblanc";"Champion";"support";"Blue";1,02860897764552;-1,29639766151157;-3,97070932748592;4,00085048768203;6,53214034248023;-143,183443094377;-191,387619701558;1;1;2;2;25;33;3452;6520
"201";"LeeSin";"Champion";"jungle";"Blue";1,44830725865198;-1,34969655767826;-5,39583593898471;-13,2915925109199;-13,8277021304482;137,669861918356;-1177,11843006354;7;1,28571428571429;2;3,71428571428571;101;194,714285714286;4628,57142857143;9635,57142857143
"202";"LeeSin";"Champion";"jungle";"Red";-0,60934377086554;2,95206040639587;-9,95099885094752;-19,6879333724533;-15,3895448402401;-762,338086800157;16,0531650798254;3;1,66666666666667;2;4,66666666666667;116;206;4933;10142
"203";"Leona";"Champion";"support";"Blue";0,449978155854103;0,583496728143651;-1,58883452191677;2,81736746803018;2,68158406854593;175,104815423487;243,020571718511;19;1;3,26315789473684;5,68421052631579;22,5263157894737;33,2105263157895;3412,31578947368;6744,05263157895
"204";"Leona";"Champion";"support";"Red";-0,470762280647359;-0,0762629787564319;0,629693672928655;5,12553024635186;6,78952896719449;-108,906480152069;209,599693427883;17;0,529411764705882;2,64705882352941;6,70588235294118;22;33,1764705882353;3238,23529411765;6390,17647058824
"205";"Lillia";"Champion";"jungle";"Blue";3,03733783590927;-4,46385135289842;0,127639903087049;3,68684846670436;37,3206057167558;750,183653337244;1057,48263581715;10;2,4;1,7;5,1;111,6;221,4;4982,2;10755,4
"206";"Lillia";"Champion";"jungle";"Red";2,98766438517367;0,483330415073379;-5,51812305996237;-19,7476060272285;4,26394417798824;-334,434858934751;1765,95300568716;9;2,66666666666667;1,11111111111111;5,44444444444444;110,555555555556;214,444444444444;5053,33333333333;10569,4444444444
"207";"Lucian";"Champion";"bottom";"Blue";2,84459170384953;-1,56089957152073;8,57808433237047;7,97754805966833;31,8755578333663;434,2567841556;2791,36793500441;3;3,66666666666667;2;5;131;308,333333333333;5497,33333333333;14027,6666666667
"208";"Lucian";"Champion";"bottom";"Red";-3,04855346011008;-0,476337870822368;-4,20843517584974;4,15722898430554;45,6495566156581;-317,090718825515;-882,547101398211;2;2,5;1,5;2;130;351,5;5051,5;15376
"209";"Lulu";"Champion";"support";"Blue";0,884276545959331;-0,785140038418776;5,0661298073279;-11,4018293222036;-10,1750911995297;1046,38526789546;1454,93977037215;3;1,33333333333333;1,66666666666667;8,33333333333333;17,3333333333333;22,6666666666667;4054;6501,66666666667
"210";"Lulu";"Champion";"support";"Red";0,380673967413833;-0,147422472997285;-2,37123864769386;1,76982453659549;3,448364110192;84,5834610376589;320,398540049883;5;0,4;1,6;5,2;16;24,4;3450,8;6485,6
"211";"Lux";"Champion";"support";"Blue";0,0994082362401631;1,33956815320741;-0,286592547468433;-19,4743337323071;-9,25143504353621;-391,878294481411;880,718926138154;1;0;1;4;17;36;3229;8003
"212";"Maokai";"Champion";"jungle";"Blue";1,2049780703215;-2,11602883274797;-4,26584500006283;-19,6917423349159;-36,427093624247;132,725951821238;-1708,14892137229;8;2,25;2;5,375;95,875;164,875;4685,375;9171,875
"213";"Maokai";"Champion";"jungle";"Red";-0,622214589767126;2,75052430483063;-6,40170027050713;-30,6409863594066;-63,3091229143288;-869,552095184111;-1391,00811530767;7;1,57142857142857;3;5;92,8571428571429;157,714285714286;4528,42857142857;8773,85714285714
"214";"Maokai";"Champion";"support";"Blue";0,706116182553248;1,49756481500264;-0,108034109677789;0,621492800341904;-0,296994433560925;109,440552667695;402,879631492402;2;1;4;5;19,5;29;3498,5;6423
"215";"Mel";"Champion";"mid";"Blue";2,82550844015542;-1,19364605394838;-4,25880658478134;6,74430042561491;-65,4257706794716;943,504573284422;-1331,62079061019;1;2;1;2;126;239;5396;10007
"216";"Mel";"Champion";"mid";"Red";5,14000000650983;2,98684887113668;-0,502802866618188;32,9745793414101;30,0181919497543;1315,94299316109;2350,1956655382;1;9;6;12;132;308;5425;17578
"217";"Milio";"Champion";"support";"Red";0,0854773926147198;-1,8326167305991;-2,37799186988225;7,04567367922032;12,2976615287866;304,328263678674;-1122,77199111669;1;0;1;10;20;26;3718;8454
"218";"MissFortune";"Champion";"bottom";"Blue";2,17446552866465;-1,36899145896985;4,38860038897038;-12,8568238780348;-1,4731595941989;-361,214932617836;1134,78056336788;23;2,30434782608696;1,65217391304348;3,08695652173913;128,478260869565;280,521739130435;5160,73913043478;11853,2608695652
"219";"MissFortune";"Champion";"bottom";"Red";2,38235468424435;-1,0785026389675;-0,337484623832655;15,1908860605323;16,3939618243147;604,921341641665;1291,57416555746;17;4,17647058823529;1,29411764705882;4;133,117647058824;285,235294117647;5465,41176470588;12848,9411764706
"220";"MonkeyKing";"Champion";"jungle";"Blue";0,0503993349387502;-0,900162033203816;-6,89915951641864;-15,558224951592;1,49933492237472;52,5137644427248;-773,735815656606;12;2,08333333333333;3,08333333333333;3,41666666666667;98,25;183,416666666667;4740,5;9690,75
"221";"MonkeyKing";"Champion";"jungle";"Red";2,97870249078265;0,0783358327059146;-4,49559431767082;-26,1310173249897;-17,2370286893338;-464,272409994968;1342,5333716283;16;2,4375;1,5;6;102,5625;199,1875;4979,4375;10476,8125
"222";"Mordekaiser";"Champion";"top";"Blue";-1,4689992446215;7,24960508485571;-7,38659003279172;-9,34888173855189;-34,6137142937562;707,087993400559;-213,588980877453;1;3;6;4;86;182;4818;10856
"223";"Naafiri";"Champion";"jungle";"Blue";1,29508777448705;-1,90399380860891;-4,33949682199299;-2,49021879161126;13,9352006932451;403,781815105436;-353,38451193408;11;2,18181818181818;1,81818181818182;3,36363636363636;109;208,272727272727;5073,36363636364;10084,4545454545
"224";"Naafiri";"Champion";"jungle";"Red";1,15501364513269;1,64667740954053;-8,14331678626387;-19,6781736925428;-15,9718418754672;-494,965669683212;352,789809710414;17;3,41176470588235;1,82352941176471;4,41176470588235;107,176470588235;221,705882352941;4909,70588235294;11309,7647058824
"225";"Nami";"Champion";"support";"Red";NA;NA;NA;NA;NA;NA;NA;1;0;1;4;30;38;3340;7082
"226";"Nautilus";"Champion";"support";"Blue";-0,516005348696403;0,609450359407963;0,777530508616355;-0,0843231917615671;2,48719933776316;-77,746122384668;1,44462562699869;12;0,583333333333333;3,16666666666667;6,25;21;31,3333333333333;3298,41666666667;6783,16666666667
"227";"Nautilus";"Champion";"support";"Red";-0,123963959675839;-0,796330637749041;1,44057220318905;3,55671075501683;4,01360548194295;239,707589721697;488,818744632682;16;0,3125;3,4375;7,9375;21,6875;32;3289,75;6934,4375
"228";"Neeko";"Champion";"support";"Blue";0,970384620964161;0,381281916796724;-4,07415848499124;1,59246197136811;7,08783668493484;45,7739049447197;368,23939803523;3;1;3,33333333333333;4;22;37,6666666666667;3391,33333333333;6459
"229";"Neeko";"Champion";"support";"Red";0,0374548999703245;-0,594285343962228;-1,66053344940278;0,195872742273754;4,54084164022509;58,7264688878666;620,665348404045;11;0,818181818181818;2,72727272727273;5,72727272727273;18,9090909090909;35,2727272727273;3368,45454545455;7668,18181818182
"230";"Nidalee";"Champion";"jungle";"Blue";-1,07972386507677;-1,26606066905885;-7,23295819784566;-4,37920913607579;12,5734557080714;-217,595967530157;-878,122205660704;5;1,6;1,8;3,8;113,2;226,8;4865,6;10832,4
"231";"Nidalee";"Champion";"jungle";"Red";1,45045140863559;0,75256819647209;-6,17290224010596;-14,3569276256389;-12,2178300685727;30,4146160975616;1037,07373762429;9;1,88888888888889;0,777777777777778;5;111,555555555556;201;5146,44444444444;9948,55555555555
"232";"Nidalee";"Champion";"top";"Blue";2,07606356297624;0,203364450191829;-0,811992049552866;17,6744881303662;21,961906803195;1464,27739581013;2988,23157368591;3;4,33333333333333;2,66666666666667;4,66666666666667;129,333333333333;274;6151,33333333333;15112
"233";"Nocturne";"Champion";"jungle";"Blue";0,195713713306126;-1,16178787047832;-4,01204963819136;-8,06135395045621;-6,01110338111005;-215,532480640617;-822,761602615718;5;2,2;3,8;7;109,2;207,8;4913,2;10855,4
"234";"Nocturne";"Champion";"jungle";"Red";6,74679127271679;-0,580993220367023;-4,37323748626644;-14,2836626908597;-8,93158753766571;718,824880935266;2071,27191906863;2;6;1;6;110,5;190;5567,5;10706
"235";"NS Calix";"Player";"mid";"Blue";2,54800937405563;-0,143971548265785;1,20519808140195;4,60558071612962;0,912532719560003;89,5918493696112;1998,30108618062;5;2,4;2;2,6;135,8;251,2;5084,2;11656,2
"236";"NS Calix";"Player";"mid";"Red";3,69011868845403;-0,834141156609653;1,84387509815501;-2,26461956129191;9,98984983331025;442,504629900667;2308,93697939377;5;5,8;1,6;6,6;128,6;276,8;5504;14175
"237";"NS Fisher";"Player";"mid";"Blue";1,79628559176851;0,542541856140794;1,08238679639162;-2,06375027795775;0,964590110040391;-88,2098487423444;770,827287768224;15;1,66666666666667;2,33333333333333;3,53333333333333;129,533333333333;265,266666666667;4888,4;11333,2
"238";"NS Fisher";"Player";"mid";"Red";0,828225783222148;-0,288211660036648;1,57158854709188;-5,46392546649203;-5,59738993997562;160,886746891435;884,448821335532;12;3;1,75;5,5;131,5;258,083333333333;5198,16666666667;12102,0833333333
"239";"NS GIDEON";"Player";"jungle";"Blue";1,20645616318555;-0,986380887141378;1,8213552792791;9,19084353187607;31,7954550972486;172,420386417734;1558,97645836569;20;1,65;1,75;4,85;103,05;194,1;4691,05;10183,5
"240";"NS GIDEON";"Player";"jungle";"Red";0,269557301258157;-1,3678076276429;1,14373381695977;7,76910275584664;45,8553860179594;-104,751383335514;1302,29678137706;17;2,76470588235294;1,64705882352941;7,58823529411765;106,117647058824;200,470588235294;5013,52941176471;11107,2941176471
"241";"NS Jiwoo";"Player";"bottom";"Blue";0,801396882987219;-0,853231858030992;1,62904879967115;-5,45231204444282;-4,77557962936336;-418,087820478428;646,884035153084;20;2,8;1,65;3,1;128,65;273,65;4975,35;12090,2
"242";"NS Jiwoo";"Player";"bottom";"Red";0,279916420904553;0,383528089534877;1,00292208246184;0,0512670266319394;-30,0075459067141;424,369761877345;-471,263480331527;17;3,29411764705882;2;5,29411764705882;124,823529411765;272,352941176471;5165,35294117647;12766,2941176471
"243";"NS Kingen";"Player";"top";"Blue";1,45406182656688;-1,89864600260862;1,6866429990688;6,14078403453428;24,1485544618478;533,277329500693;1939,60308277342;20;1,75;1,55;3,45;116,1;249,3;4765,4;11435,15
"244";"NS Kingen";"Player";"top";"Red";1,23324436715413;-1,04177623998374;1,26077772215584;1,66834711524127;23,5908517970748;269,731614327847;1392,73244588575;17;3,29411764705882;2,05882352941176;4,23529411764706;118,058823529412;246,058823529412;5075,58823529412;12226
"245";"NS Lehends";"Player";"support";"Blue";0,0748729436445742;0,402700987679267;0,98255117338468;5,52586888010547;5,37882223824456;-193,865047527596;286,276541468162;20;0,8;3;5,65;23,7;35,1;3297,15;6971,85
"246";"NS Lehends";"Player";"support";"Red";0,765583131101203;-1,94264855599451;4,7473036170245;1,50998713884656;5,9849408087963;158,798534883798;1098,65830598372;17;1,11764705882353;3,41176470588235;8,17647058823529;20,4705882352941;32,8235294117647;3619,41176470588;7892,94117647059
"247";"Orianna";"Champion";"mid";"Blue";-0,197515452374717;1,26193976832921;-0,771618875308939;6,40897961273273;-20,1002401638225;-16,1307224373392;-1375,11223885059;5;1;2,4;3,6;129,8;251,6;4900,8;10098,4
"248";"Orianna";"Champion";"mid";"Red";-2,3610620332425;2,08753804429399;-1,45699307931613;10,3795918074105;2,12757983892143;323,796473687566;-1231,93773404903;3;1;3,33333333333333;6,33333333333333;132;270;5371;11494,3333333333
"249";"Ornn";"Champion";"top";"Blue";-1,94274573492287;1,57501702999825;1,33936151592049;-13,8560296118153;-42,3823845914659;-880,096562945602;-2180,98393770737;2;1;1,5;6;105,5;213;4403,5;9807,5
"250";"Ornn";"Champion";"top";"Red";0,606414339923415;1,51801313348948;1,1542983834674;-20,4610757263266;-24,6821037403637;-804,313567577145;-547,536397829416;3;0,666666666666667;4;3,66666666666667;98,3333333333333;176,666666666667;4208,33333333333;8168
"251";"Pantheon";"Champion";"jungle";"Blue";-0,115856366179085;-1,21439844274053;-4,81842724256847;-7,86340685883885;-6,88054385104692;-10,4381211113073;-1231,08936609281;9;2,66666666666667;1,66666666666667;4,44444444444444;104,777777777778;187,777777777778;4884;9716,44444444445
"252";"Pantheon";"Champion";"jungle";"Red";5,83623779822147;1,53610855547856;-7,90524322813973;-31,680485914147;-30,4752734180134;282,911468907034;1278,09054797887;4;6;2,75;5,25;101,75;179;5612,5;10463
"253";"Pantheon";"Champion";"mid";"Blue";-0,104389669243142;0,443370509443032;-2,54260657096154;-31,8960008786393;-75,5203635101565;-1271,86284838534;-1527,03635473426;1;1;2;4;103;204;4157;9317
"254";"Pantheon";"Champion";"mid";"Red";3,64632213256391;-1,6481738883386;-0,333551111391914;-6,28160657416306;-41,5911573445259;-84,3683387739828;258,706255762297;1;7;2;6;123;238;4726;13530
"255";"Pantheon";"Champion";"support";"Blue";1,09134593635754;3,43691937282117;-12,0994457908447;-1,42216183212246;-0,768913443522554;-28,7111435462927;-887,978169774472;4;1,5;4,5;3,25;19,25;32,75;3202,5;6842,25
"256";"Pantheon";"Champion";"support";"Red";2,02365586580927;-1,31851846949673;0,669587066929288;3,60160139276835;11,342253898149;296,392851473152;1576,75014310205;3;2,33333333333333;2,33333333333333;6;22,3333333333333;38;3542,33333333333;7527,33333333333
"257";"Poppy";"Champion";"jungle";"Blue";1,44878165529818;-2,71112189283703;-4,40014881172551;-7,28412837262966;-11,4490403328416;118,437901004549;-1091,26868184373;5;1,2;1,4;4,4;99,6;186,6;4656,6;10006,2
"258";"Poppy";"Champion";"jungle";"Red";2,50238538816024;1,12743002721705;-6,71216780817742;-19,1082802927446;-41,8818563407498;-52,6312367798936;662,179342298693;5;2,8;1,2;4,8;98,6;177,4;4924,6;10220,4
"259";"Poppy";"Champion";"support";"Blue";0,172443067556874;0,926444906104597;-1,65998978430624;2,41834931704477;1,43747522575786;-21,6827943520647;108,946268540737;17;0,941176470588235;3;6,29411764705882;21;32,6470588235294;3361,23529411765;7021,88235294118
"260";"Poppy";"Champion";"support";"Red";0,19758876224509;-1,08541597121549;1,83598924060335;3,52933654364524;5,37347926273695;70,0318928294768;641,845088310873;13;0,923076923076923;2,61538461538462;6,23076923076923;21,4615384615385;33,3076923076923;3366,07692307692;6722,69230769231
"261";"Pyke";"Champion";"support";"Blue";0,004953111836214;2,02212080798516;-6,64029639441519;-8,60075090508638;-13,8101135556688;-367,576294567536;-1722,13776280361;1;0;2;1;24;30;3234;4988
"262";"Rakan";"Champion";"support";"Blue";-0,30633631587803;0,925370422804625;-2,73267809727081;-1,79203656586171;-1,86833725777406;-48,3465531599754;-440,951448629383;26;0,384615384615385;1,92307692307692;5,73076923076923;18,5384615384615;30,1153846153846;3280,5;6544,38461538462
"263";"Rakan";"Champion";"support";"Red";0,273788946813147;-1,23746505302329;0,263881250126708;2,25224997255649;4,5682162017433;216,482966843813;574,379346927552;16;0,4375;1,875;7,125;18,4375;30,5;3312,8125;7060,75
"264";"Rell";"Champion";"support";"Blue";-0,0972849768041529;2,34610551622557;-2,39593974696386;-0,121025102999845;0,621176768432452;-270,280095246568;-663,242805330437;12;0,666666666666667;3,58333333333333;6;21,1666666666667;28,5833333333333;3215,91666666667;6131,16666666667
"265";"Rell";"Champion";"support";"Red";0,396840830741293;-1,00284038240859;3,13115885174939;4,2999440840219;4,07337540345374;327,703393292155;1048,01085556822;31;0,645161290322581;2,64516129032258;6,41935483870968;20,1290322580645;29,8709677419355;3260,67741935484;6622,51612903226
"266";"Renata";"Champion";"support";"Blue";-1,22080741404652;1,49762364291737;-3,30423016612643;0,359710101786606;0,565677344126114;-128,315147876777;-404,763721024507;12;0,166666666666667;3,16666666666667;6,41666666666667;21,9166666666667;35,3333333333333;3323,33333333333;6939,16666666667
"267";"Renata";"Champion";"support";"Red";0,207570103306296;-1,2834396816819;3,17341853730851;-2,03485761646933;0,990203882200924;290,403821592727;678,124979008286;8;0,625;1,375;8,5;17,25;30;3420,375;7477,125
"268";"Renekton";"Champion";"mid";"Blue";-4,0281776701878;5,23255568380302;-6,49094162459367;-20,0318847098249;-59,6373261227824;-1954,71837942814;-4730,71258605603;1;2;5;5;118;187;4403;9401
"269";"Renekton";"Champion";"top";"Blue";-0,424931405230422;1,22852518794164;-0,530273883967715;24,7891937927042;14,079200301974;701,668379257648;582,263890470897;10;1,7;2,1;2,8;126,6;239,3;4948,1;10405,7
"270";"Renekton";"Champion";"top";"Red";1,56332549214925;-0,245494602686724;-0,0498770336000876;-1,510345804492;16,9022683916334;-79,8164471885047;298,023621127511;9;1,77777777777778;1,77777777777778;2,66666666666667;124,666666666667;232,111111111111;4997,55555555556;10230,1111111111
"271";"Rumble";"Champion";"top";"Blue";-1,14982530236692;0,877979003391637;1,38937724343967;4,56002060582483;-9,21704837779769;13,9365913292514;-166,680306680875;31;2;2,29032258064516;3,64516129032258;118,161290322581;236,387096774194;4733,12903225806;10536,7096774194
"272";"Rumble";"Champion";"top";"Red";1,18874388057246;-0,170871653957821;-0,843970291152453;6,2025115863095;17,7300954278154;199,46554793606;790,668355563544;18;1,94444444444444;2,16666666666667;3,22222222222222;118,666666666667;236,944444444444;4909,55555555556;11015,6666666667
"273";"Ryze";"Champion";"mid";"Blue";-2,83344339128869;2,41551396731389;-3,23779706467214;2,20823971542209;-7,58484564421149;-150,447751015124;-1713,96119276696;9;2;2,66666666666667;4,44444444444444;131,888888888889;267,111111111111;5108,77777777778;11463
"274";"Ryze";"Champion";"mid";"Red";-1,19093184016186;0,0371293704267694;0,0494337850070966;4,83645837233794;21,5372993841773;109,630094042923;472,655471533622;7;1,28571428571429;2,57142857142857;3,42857142857143;134,714285714286;242,285714285714;5175;10206,1428571429
"275";"Ryze";"Champion";"top";"Blue";-2,50910415044244;2,79015960325866;-7,33155919198404;24,8406563397433;30,9730216718445;215,094593566253;43,70600314934;1;1;1;1;117;263;4951;11308
"276";"Sejuani";"Champion";"jungle";"Blue";0,89365591951892;-1,8568453345268;-4,83534993859199;-16,8277343792633;-12,3809218752697;8,89325309814767;-848,134795620098;19;1,42105263157895;2,21052631578947;4,63157894736842;98,3684210526316;177,105263157895;4721,42105263158;9409,84210526316
"277";"Sejuani";"Champion";"jungle";"Red";0,0345197807775545;1,36141593089094;-5,42631639293191;-29,2532661048009;-54,7929844517886;-663,557267638485;-656,330669608212;25;1,56;1,64;6,6;100,04;196,04;4728,32;10532,4
"278";"Senna";"Champion";"bottom";"Blue";-8,37802389981794;0,119507736156464;6,41601826544325;-108,035837396745;-180,09199167943;-4498,26850009363;-6356,26097455093;1;0;2;6;40;58;4021;6399
"279";"Seraphine";"Champion";"support";"Blue";-1,66660254148095;-2,9083946617434;3,87507997965024;3,41920988797967;3,86684957059185;-208,105207621296;-834,290046619238;1;0;0;3;23;28;3287;5860
"280";"Sett";"Champion";"mid";"Red";-1,2206820323055;-1,15923068248752;-3,26070446865673;8,37008403002397;-22,6169668962071;52,6488315521882;-2309,40508160137;1;2;1;8;129;187;5160;9384
"281";"Shen";"Champion";"support";"Blue";2,04615313155896;0,298358609522177;0,800716559424058;3,15295009709822;0,603840102846665;653,530727956709;987,412776012018;3;2;2,66666666666667;5,33333333333333;26,6666666666667;34;3442,66666666667;6400
"282";"Shen";"Champion";"support";"Red";NA;NA;NA;NA;NA;NA;NA;1;3;1;17;25;30;4559;8070
"283";"Sion";"Champion";"top";"Blue";-2,61738928181415;0,127182695060035;1,97114620565856;5,32664382631866;-12,9158051134205;-45,2382989864156;-798,584155771762;11;1,36363636363636;1,18181818181818;2,54545454545455;115,818181818182;228,545454545455;4627,81818181818;10375,2727272727
"284";"Sion";"Champion";"top";"Red";0,968116026269733;-1,41053172999139;2,40836997066803;-14,0620401556727;-13,7955872025122;-236,596884432473;-641,834654419748;7;0,857142857142857;1,42857142857143;4,42857142857143;105,571428571429;214,571428571429;4300,85714285714;9385
"285";"Sivir";"Champion";"bottom";"Red";0,0452281673007476;-3,04566738666341;1,32041202431928;-16,7365414272106;-3,40602741752566;-713,181665713062;-1237,30309574881;1;2;1;10;129;238;4851;10060
"286";"Skarner";"Champion";"jungle";"Blue";-0,0348234245910763;-1,20664983317236;-3,0162663669078;-16,4199397009827;-30,1248758217246;-172,285378319121;-1526,55296486416;16;1,6875;2,3125;5,75;101,0625;175,5;4769,3125;9440,25
"287";"Skarner";"Champion";"jungle";"Red";0,873088564271938;1,69280214296736;-6,30071300261799;-33,4560998781078;-47,9844570723123;-907,54032335126;-505,063204395756;16;1,5;2,0625;5,25;98,5625;168,8125;4668,5625;8884,125
"288";"Smolder";"Champion";"mid";"Red";-3,16941530899836;2,28043577612734;1,26782011516829;-0,159000900081738;-4,68923475648831;-849,364514045691;-914,378310067509;2;4,5;2;11;129;283,5;5224;15510,5
"289";"Swain";"Champion";"mid";"Blue";-2,18556038846378;4,48012131246451;-8,11648793812432;-37,9339336037854;-67,5807853343145;-1460,64534253853;-3956,91485569216;1;0;4;2;95;172;4137;7165
"290";"Sylas";"Champion";"mid";"Blue";-1,24973783622705;2,72829552371838;-4,08742260288814;-9,28939509980933;-16,6510459304756;-447,599501499685;-1349,67879677257;14;2,14285714285714;2,35714285714286;3,14285714285714;125,642857142857;256,785714285714;5068,57142857143;11415,1428571429
"291";"Sylas";"Champion";"mid";"Red";-0,538442223057386;-0,304788520558239;-0,931342646181321;-12,3873353110595;-26,3504125288857;-2,78687247691908;-47,2292681767921;4;3;2;3,75;111,25;230;4997,75;10849,25
"292";"Sylas";"Champion";"top";"Blue";-2,33781590310299;3,01624869073642;-0,331799527523242;16,0885859584184;-56,9492870586103;552,790701765119;-1180,47972926032;1;0;3;4;126;205;4703;9107
"293";"Sylas";"Champion";"top";"Red";-1,07260393131037;1,54458540363094;1,66479940514174;-16,2379041339924;-45,3792460750701;-545,810396884468;-1536,70114345689;1;5;5;5;104;219;5269;11925
"294";"Syndra";"Champion";"mid";"Blue";2,03983124032089;0,457941316138903;-0,811933338498174;20,3210754487273;-32,3353582629715;66,3523181779594;-2422,86590700391;1;3;0;6;141;298;4908;13275
"295";"Syndra";"Champion";"mid";"Red";-2,11759973083725;4,8648477929234;-8,8234063808056;2,49237807139174;1,17462601166129;309,375295475843;-2275,00924772859;1;1;3;1;133;264;5364;10495
"296";"T1 Doran";"Player";"top";"Blue";1,1818306242705;-1,0153886292195;0,0394668557610807;8,54740698669847;25,6713221593487;495,371722920867;1482,36691414786;22;1,81818181818182;2,40909090909091;3;114,409090909091;242;4703;10873,6818181818
"297";"T1 Doran";"Player";"top";"Red";0,883070191242123;-1,33708249666462;3,42272560451358;-3,34878152996716;17,0168754885087;123,727090208114;792,524765672734;15;1,93333333333333;2,26666666666667;4,66666666666667;119,6;240,466666666667;5015,2;11342
"298";"T1 Faker";"Player";"mid";"Blue";0,350487242486911;-1,01579728432884;1,97370089065717;2,14069660113439;8,78284365726381;-9,87925570702804;638,434924024449;22;1,5;1,90909090909091;3,31818181818182;129,227272727273;253,954545454545;4905,40909090909;10620,6363636364
"299";"T1 Faker";"Player";"mid";"Red";1,68520757794878;-0,31364690626311;0,559526257764279;-3,69423569249205;8,09920219204067;89,1593944740734;807,148303962879;15;2,53333333333333;1,4;4,66666666666667;131,2;258,933333333333;5038,4;11659,2
"300";"T1 Gumayusi";"Player";"bottom";"Blue";-0,107429632189856;-0,249790568386835;-0,228396558908973;-2,83067940371936;5,15256368433446;-87,0828800674864;357,773959250487;12;2,75;1,75;3,33333333333333;133,333333333333;279,416666666667;5403,5;11914,3333333333
"301";"T1 Gumayusi";"Player";"bottom";"Red";1,31406401868912;0,352591856622986;1,84706049852316;12,5250374711233;-10,628859804301;600,864630550283;-185,794336689518;7;3;1,71428571428571;4,71428571428571;133,714285714286;303,142857142857;5353,71428571429;13521,2857142857
"302";"T1 Keria";"Player";"support";"Blue";0,0368904394943178;-0,455066980056526;3,69948978174751;5,49403550276792;5,62979300089124;210,457398713898;681,494426965675;22;0,727272727272727;2,40909090909091;5,86363636363636;20,7272727272727;32,9090909090909;3418,59090909091;6797,22727272727
"303";"T1 Keria";"Player";"support";"Red";-0,0914210307050068;-3,18123296468556;7,02439626278245;1,98630230937459;4,82434854990782;168,60448915494;581,466384549347;15;0,733333333333333;1,53333333333333;8,33333333333333;18,9333333333333;31,2666666666667;3559,26666666667;7349,46666666667
"304";"T1 Oner";"Player";"jungle";"Blue";2,15030712861745;-0,535425576070761;1,45660447316585;10,7602746549765;36,6978385140293;298,546715507943;1758,32211912792;22;2,63636363636364;2,04545454545455;4,18181818181818;105,090909090909;200,181818181818;4903,90909090909;10306,4090909091
"305";"T1 Oner";"Player";"jungle";"Red";2,20266928164423;-1,38572728658807;2,90542277059502;11,7466233021346;38,9334364608177;372,893244148898;1713,63613306222;15;3,06666666666667;1,66666666666667;6,13333333333333;110,333333333333;209,733333333333;5250,93333333333;11069,1333333333
"306";"T1 Smash";"Player";"bottom";"Blue";0,583773773271333;-0,665832731385458;3,03244234733767;5,06949085239181;13,1995229731541;410,043792673442;900,052653581523;10;2,3;2;3,7;120,1;275;5005,5;11769,4
"307";"T1 Smash";"Player";"bottom";"Red";3,61738625000326;-1,73364144886206;3,14150047329628;4,93832628262417;0,441848052685653;978,94889632686;1588,99298042037;8;5,375;0,75;4,125;128,625;277,75;5897,875;13221
"308";"Taliyah";"Champion";"mid";"Blue";-1,24627835550931;1,81529127236186;-3,0515987382621;-3,01653343412318;-4,23558327470295;-242,130795332245;-800,122989010394;13;2,15384615384615;2,23076923076923;4,84615384615385;129,846153846154;252,615384615385;5071,76923076923;10905,2307692308
"309";"Taliyah";"Champion";"mid";"Red";-1,27707340686778;-0,0260494524791718;0,580192555954701;1,16233160051465;5,60750525402826;-231,99710264036;130,811493805196;28;2,03571428571429;1,64285714285714;5,96428571428571;132,142857142857;265,464285714286;5003,57142857143;11829,6428571429
"310";"Taric";"Champion";"support";"Blue";-1,05750423659231;3,17206721336063;-4,70837346528987;11,9894142982455;15,6621316715385;-183,982355238558;-464,620707588613;2;0;4,5;2;30,5;42;3161;5718,5
"311";"Thresh";"Champion";"support";"Blue";-2,25166558150684;0,325027755035356;-6,63661904497013;8,59598413825628;3,4161395684082;-457,919238454045;-1575,51611662925;1;0;2;7;15;20;3814;8708
"312";"Tristana";"Champion";"bottom";"Blue";3,34040505264231;-3,86140548838428;9,74226120971742;-6,83309259961913;2,11183636062083;72,7141914280365;801,542096312146;1;2;2;4;125;268;5445;11932
"313";"Tristana";"Champion";"bottom";"Red";-0,474556365963422;-1,01046526224573;-2,20513305697478;-11,6724472895019;-17,5553890029736;-743,545544078198;-89,1870242599867;3;2,33333333333333;1,33333333333333;3;114,333333333333;209;4762,66666666667;9368
"314";"Tristana";"Champion";"mid";"Red";1,42652684062823;0,35209270712316;-0,147967952686947;-11,6860830255201;24,6203240507914;227,385200832872;2245,16445169541;2;4,5;1;3,5;127,5;275;5266;13181,5
"315";"Tryndamere";"Champion";"mid";"Red";2,55789751309179;-1,23934858021091;-4,92319428366561;-4,35189321611357;39,152403729817;744,076367937232;2045,55091070312;1;4;0;1;127;229;5943;11088
"316";"TwistedFate";"Champion";"mid";"Blue";-3,73808768037084;2,12224609680204;-7,16841876361481;3,80287177385317;-24,2745907607752;381,935930987069;-1722,72315867221;2;0,5;1,5;0,5;140;221;6247,5;9742
"317";"Udyr";"Champion";"top";"Blue";-0,374463987819785;2,34211614000168;-4,39234028577712;-7,9272674153353;-34,4749007978004;287,581565355465;-607,044165772519;1;2;4;2;92;248;4372;12514
"318";"Varus";"Champion";"bottom";"Blue";1,76592451947067;-1,99772026098257;4,67291824481442;-8,58818991497475;-10,8103017441903;-239,950893376453;664,583784799257;17;2,35294117647059;1,76470588235294;4,17647058823529;133;280,294117647059;5219;12002,4117647059
"319";"Varus";"Champion";"bottom";"Red";1,36588743428092;-1,20390793167372;-1,08451472814118;12,8584402982421;7,64178222699407;404,536904629083;751,783369310085;22;3,59090909090909;1,13636363636364;4,68181818181818;131,909090909091;262,272727272727;5292,90909090909;11905,5454545455
"320";"Vayne";"Champion";"top";"Blue";-7,46899924462152;9,24960508485572;-4,38659003279171;-2,34888173855191;-70,6137142937562;-760,912006599446;-5281,58898087747;1;1;6;0;105;206;4207;8914
"321";"Vex";"Champion";"mid";"Red";-0,61965145158271;1,29623686198554;-4,62124707537997;3,22505439465735;13,3315861240543;131,824959777627;-1306,29640712138;1;1;2;4;137;251;4957;10314
"322";"Vi";"Champion";"jungle";"Blue";0,985769006249745;-1,84797058017748;-4,51725762846417;-10,4729938355404;7,03974151588299;-50,5160995061105;-638,043123578287;12;1,25;1,58333333333333;4,16666666666667;105,75;190,833333333333;4740,25;9346,41666666667
"323";"Vi";"Champion";"jungle";"Red";1,64502043392325;1,93189407065733;-7,17847569416985;-21,6017577233079;-24,0141001177497;-292,786155568495;399,386358274691;19;2,21052631578947;1,73684210526316;4,63157894736842;103,842105263158;187,263157894737;4970,47368421053;9695,57894736842
"324";"Viego";"Champion";"jungle";"Blue";2,98385141865267;-2,55414979817407;-3,62093982230419;2,37367060616998;37,981290199227;487,057147761002;1716,45875838757;9;3,55555555555556;2,44444444444444;3,77777777777778;108,444444444444;221,222222222222;4957,44444444444;11843,8888888889
"325";"Viego";"Champion";"jungle";"Red";1,1167452898072;2,57997585967834;-7,29370860527659;-26,1600585886489;-34,4311816841609;-444,106540514952;223,542055173243;9;3,33333333333333;2,33333333333333;5,22222222222222;104,666666666667;183;5075,22222222222;10011,3333333333
"326";"Viego";"Champion";"mid";"Red";-1,39097547503763;-0,223824383957304;2,67133913687379;21,5834887099338;41,2970454358184;-38,2456361172403;1420,65547921594;1;3;0;7;142;286;5689;12909
"327";"Viktor";"Champion";"mid";"Blue";-0,649765389552627;1,77408025784635;-4,91974483659059;6,42648924562948;-10,6951918385126;-85,8610836506303;-1200,36422157009;15;2,26666666666667;1,8;3,06666666666667;133;255,066666666667;5143,06666666667;10910,4666666667
"328";"Viktor";"Champion";"mid";"Red";-0,655703241136498;0,415897421352091;-1,14605635072409;7,68174375761244;13,7832643879789;-321,040384934541;-10,9475115044641;15;2,66666666666667;1,06666666666667;4,06666666666667;138,333333333333;252,133333333333;5161,8;10841,3333333333
"329";"Xayah";"Champion";"bottom";"Blue";2,67428124658651;-1,71240181834675;3,70970011109243;-8,06677412303225;9,29061457405617;-137,874348955569;1087,59418243645;12;2,5;2;3,83333333333333;133,833333333333;304,25;5287,41666666667;12636,6666666667
"330";"Xayah";"Champion";"bottom";"Red";2,32578324808168;-1,68625671374586;-0,93760591709563;6,30209434285718;14,8824743226941;373,448199663479;1266,47730805809;14;3,28571428571429;1;3,57142857142857;132,642857142857;289,214285714286;5618,5;12864,0714285714
"331";"Xerath";"Champion";"mid";"Blue";-1,5211282251139;1,93729686299715;-2,86741424523631;3,33332105146452;-9,60467978080539;-612,614176370212;-1893,16465402339;2;2,5;1,5;2,5;136;237,5;5148,5;10329,5
"332";"XinZhao";"Champion";"jungle";"Blue";1,23103476702732;-2,00172741554665;-4,09185861159171;-9,879212954618;-1,03942651678071;214,500715792381;-455,26710115115;35;2,45714285714286;2,25714285714286;5,02857142857143;100,971428571429;194,371428571429;4787,91428571429;10248,3428571429
"333";"XinZhao";"Champion";"jungle";"Red";0,371247286065946;2,96102931655519;-6,78640659878157;-28,4282739925899;-38,5461563356343;-905,887241977338;-276,564185239441;26;1,84615384615385;2,53846153846154;6,30769230769231;102,923076923077;196,307692307692;4832;10324,1153846154
"334";"Yasuo";"Champion";"mid";"Blue";1,89653701919314;1,95941285689553;-3,42197507258673;-0,467096839197832;-10,8800823072952;861,504155660452;-1710,88241073404;1;4;4;7;140;262;6208;12315
"335";"Yasuo";"Champion";"mid";"Red";-3,48311605922399;4,31361786046608;-4,89233355645386;-1,69977080838173;-21,535300649364;-97,6363802379944;-4171,41739173736;1;5;3;5;133;348;4948;15836
"336";"Yone";"Champion";"mid";"Blue";-1,58506747685093;1,86692331721575;-3,06933143514749;3,11054086441664;2,92154147905241;-122,976111583924;-879,748485630858;14;1,92857142857143;1,85714285714286;2,42857142857143;135;285,5;5112,14285714286;12074,2857142857
"337";"Yone";"Champion";"mid";"Red";-1,34582164784807;0,678222551783349;-2,39809464726928;0,783938805174795;20,0571433751612;-68,5089781838648;339,769368722673;16;2,5625;1,3125;3,9375;126,875;272;5044,75;11851,4375
"338";"Yorick";"Champion";"top";"Blue";-3,65969900771702;0,542528938278489;0,98863991824723;0,0453487885084516;-1,36784174249024;-276,467415455608;-422,355423912322;2;2;2,5;2,5;109;252,5;5125,5;11727
"339";"Yorick";"Champion";"top";"Red";-0,561295901134165;0,675325081727024;0,975113459554939;-4,17779833934459;14,0863785217414;-593,29064224617;-218,746754214235;4;0,75;1,5;1,5;130;262,5;4737,5;10537,25
"340";"Zed";"Champion";"jungle";"Blue";1,54016958833152;-3,67225470275163;-2,20764231902376;-8,56322988629974;33,5103433516933;405,139683995475;647,4473607392;1;3;0;5;115;237;4746;11615
"341";"Zeri";"Champion";"bottom";"Blue";3,67353586151564;-2,79262219900193;6,89901149677324;-13,5329627886959;17,8197375688547;-499,286079376611;2069,06884606355;7;4,14285714285714;0,857142857142857;3,57142857142857;135,857142857143;317,571428571429;5121,28571428571;13599,7142857143
"342";"Zeri";"Champion";"bottom";"Red";1,92113729551002;-0,915416799762234;-2,3321498652336;-1,15930476801151;16,5952068970355;-54,8180932976008;1320,78122286524;9;4;1,33333333333333;4,11111111111111;129,666666666667;292,777777777778;5392,66666666667;13236,5555555556
"343";"Zeri";"Champion";"mid";"Red";-1,53266629225848;4,31415223865318;-5,56907187691052;0,617964029086255;-23,9448983247303;343,110409660133;-1609,14536861705;1;2;3;1;130;211;5366;8822
"344";"Ziggs";"Champion";"bottom";"Blue";-0,07150859174175;0,378959403699293;1,30440425383949;-19,6462400475975;-41,0593869669991;-485,189208831088;-1816,38570026016;4;1,25;3;3;141,75;295,25;5257,5;11849
"345";"Ziggs";"Champion";"bottom";"Red";-1,39365360592279;-0,624714476481631;-1,31376872864917;-6,2119993198702;-32,5651007246406;-239,120713119931;-1340,81262995026;4;1,25;1,5;6,25;124,5;249,5;4822,75;10835,75
"346";"Zilean";"Champion";"mid";"Blue";-7,23406106569147;0,320154209098511;-1,2793574718;-4,9425287973934;-32,2384435615838;-1197,70083431981;-2729,08088700973;2;0,5;1;6;133,5;201;4898,5;9053,5
"347";"Zoe";"Champion";"mid";"Red";-0,289857964790285;-0,704687101184363;0,819583919594401;16,7962620879568;26,280629702722;761,156693405752;216,840140106186;1;4;1;10;132;199;5158;10194
"348";"Zyra";"Champion";"jungle";"Blue";2,98552781104057;-2,52128750298218;-1,61453560759461;0,240463896143241;22,5876115312239;561,653978411157;858,363138305054;7;1,85714285714286;3;4,57142857142857;109,571428571429;188,714285714286;4998,42857142857;9178,28571428571
"349";"Zyra";"Champion";"jungle";"Red";-1,32018287126946;4,09641128141932;-8,62256121942119;-31,2444740918207;-53,3575886426602;-676,272560373124;-1260,7161562702;2;1;4;5;102;186,5;4771,5;9549,5
